path,bytes,sha256,runtime_refs
legacy_vue/public/assets/images/bg_rooftop_night_1920.webp,8052,c8d061ab077a27b730ec17c2eefed7f9a327a8ab651c2058629d18d808839b94,
legacy_vue/public/assets/images/bg_rooftop_night_750.webp,4884,a5bd5953c601bfb02117adf244b1a9a496aa72b720ff7f4a6bdeca75caf6ca75,
legacy_vue/public/assets/images/char_girl_smoke.png,3990601,6aa4ea4d08f825502ff5db3606aae20f8dfee76b6f5df39d3e6253a1a16b9724,
legacy_vue/public/assets/images/char_girl_smoke_1600.webp,107920,97607e239e9edc8a684ad20c854852a672d305eee0ab23b5e043a55586d72d99,
legacy_vue/public/assets/images/char_girl_smoke_900.webp,54816,df854c5530402ad92025ed069cdfc6852e2f83f24d454125a799cc2ed79f5cc1,
legacy_vue/public/assets/images/menu_bg_rooftop.png,2100423,60cc4cdd1e9519f42416c6ef65c45ff324203f817e762f5af333d23e6e0fadf6,legacy_vue/src/views/StartView.vue:255; legacy_vue/src/views/StartView.vue:794
legacy_vue/public/assets/images/menu_bg_rooftop_1600.webp,144704,6b3fc58a5cb42bfca7c24b825e46d9cb243a2ee574d10444b44e2ec2726a88a7,legacy_vue/src/views/AchievementsView.vue:142; legacy_vue/src/views/StartView.vue:252; legacy_vue/src/views/StartView.vue:254
legacy_vue/public/assets/images/menu_bg_rooftop_900.webp,61410,c4d6821c4d91f60fafb5897097eecbc3839861751dec834726e35de0d2301b45,legacy_vue/src/views/AchievementsView.vue:143; legacy_vue/src/views/StartView.vue:791; legacy_vue/src/views/StartView.vue:793
legacy_vue/public/assets/images/menu_title.png,1240531,1c961a4a2bf6ef7c03c7fa3a98e4de7c231eb0680569b28f4a85805733711d59,legacy_vue/src/views/StartView.vue:158
legacy_vue/public/assets/images/menu_title.webp,193216,8abfb4686025cc8f73071f6f384c88977dc9d30dd151e3bcff4d569131c5f9fc,legacy_vue/src/views/StartView.vue:157
legacy_vue/public/assets/images/ui_cigarette_chance.webp,6992,6d0843ba9a35b6d2c23ca9e31a8eff879aa8be6db01bb7c9dd17020f08f4fbcf,
legacy_vue/public/assets/images/ui_cigarette_chance_source.png,23182,6187a0f9f2d81d2350b2e3e2bcbfae682dd7522e517183b06176ab03d0d52833,
legacy_vue/public/assets/images/ui_hint_bulb.svg,1242,9ab589941803f48a13250495253a8ecb5562a484d177da40dd7f85c673f4e410,legacy_vue/src/views/GameView.vue:338
legacy_vue/public/assets/images/vfx_rain_sprite.webp,15448,bac8eb52ecd615bc9682ab464ff68e386a430178298d0c9a2acb76c99441827c,legacy_vue/src/views/StartView.vue:271
legacy_vue/public/assets/images/pv_cover_candidates/pv_cover_tiantai_shiju_title_1680x945.png,2773090,e9be516abef049a3555ab6ed87120e8bb53de21c9f16b8d973de53cfe075073f,
legacy_vue/public/assets/images/pv_cover_candidates/pv_cover_tiantai_shiju_title_image2_raw.png,2047715,4ed749b59337eced8d939fc9f6b4d407a9f8acb3e41032b283a4ed927e184826,
legacy_vue/public/assets/images/safe_exit_20260918/01-crying-1600.webp,219078,fab3952dc328524b718da69e21cb25f52d7e742aba72470bef57aa4949cc0c3e,legacy_vue/src/domain/gameContract.ts:43
legacy_vue/public/assets/images/safe_exit_20260918/01-crying-900.webp,99934,8ce2f0f1f07960579e8accc0157849d8a90cd230c9da8553bcd3354ea88c5e10,legacy_vue/src/domain/gameContract.ts:44
legacy_vue/public/assets/images/safe_exit_20260918/01-crying.png,2175430,ea8c636b3eef18856203cb8643b27071d227d4ae665851a880ef921872fa6a07,
legacy_vue/public/assets/images/safe_exit_20260918/02-wipe-tears-1600.webp,250384,a493d28dc8a025811126f29fcd4a7a931a67502549486ff49b563d38df26ba5c,legacy_vue/src/domain/gameContract.ts:49
legacy_vue/public/assets/images/safe_exit_20260918/02-wipe-tears-900.webp,108010,52e7ea56509c9205172d170447f050f2b5f369e6dc301cf99701eb21f30cde06,legacy_vue/src/domain/gameContract.ts:50
legacy_vue/public/assets/images/safe_exit_20260918/02-wipe-tears.png,2267803,8b18184b0e13fa639d1080fcde4878435b6d1df8af84a231b216d00ce8bfa958,
legacy_vue/public/assets/images/safe_exit_20260918/03-leave-ai-only-1600.webp,252262,f2e1999e78d7dcb6abec1b3198a365ad04b73be1fbc5574b1c54fcc698ef38ba,legacy_vue/src/domain/gameContract.ts:55
legacy_vue/public/assets/images/safe_exit_20260918/03-leave-ai-only-900.webp,102192,89b7d2bb90e9a2779933fb4dd4771a97043a6eaefd01633ca7fb8629508f7888,legacy_vue/src/domain/gameContract.ts:56
legacy_vue/public/assets/images/safe_exit_20260918/03-leave-ai-only.png,2245294,f1d7dae8364b3834b3ad8ed20634f902ace94390f5bb05e17c474777de9690c7,
legacy_vue/public/assets/images/unified_image2_2026-07-31/cg/cg_01_pressure_edge_1920x1080.webp,1322646,f5c38206c262154a76d68e5915591dd2c03beac2e8f4f47d6b5e699a88a5e040,
legacy_vue/public/assets/images/unified_image2_2026-07-31/cg/cg_01_pressure_edge_image2_raw.png,2245317,27e4e543f183f87b9b9052552c25045d01de11d7b29c2046099a0b274f8ec9d2,
legacy_vue/public/assets/images/unified_image2_2026-07-31/cg/cg_02_turn_back_1920x1080.webp,1319282,9e96f87b1481634db60b147c9c596a48e7209a40fb6f0215a8f73d8e3a52f8ed,
legacy_vue/public/assets/images/unified_image2_2026-07-31/cg/cg_02_turn_back_image2_raw.png,2207523,bdd9f3bf89df8d265bd4f0ada16b4e0fd42c3d0b5963649e3c7e1783994c96fa,
legacy_vue/public/assets/images/unified_image2_2026-07-31/cg/cg_03_end_disappear_1920x1080.webp,1336776,a1dddad29352b85b64772faef18f0120c1bb0eea102e6285267b0c677300e25e,
legacy_vue/public/assets/images/unified_image2_2026-07-31/cg/cg_03_end_disappear_image2_raw.png,2297992,18539139a62b3709e05b0bd1658c9f622168811dabf9a17d46045a5fe113d986,
legacy_vue/public/assets/images/unified_image2_2026-07-31/cg/cg_04_end_acquaintance_1920x1080.webp,1339080,a69716334ca9c17be107f9d1608c39d35fbc75c68b1b6456455a8758e64ec5ad,
legacy_vue/public/assets/images/unified_image2_2026-07-31/cg/cg_04_end_acquaintance_image2_raw.png,2347252,ba6062461377edfb11f95c3a9b7bf4d91a8526c62ac4f556cc8f4bdf172de7fd,
legacy_vue/public/assets/images/unified_image2_2026-07-31/cg/cg_05_end_failure_aftermath_1920x1080.webp,1340782,261907e5a73a8de2bc5d26c623ab495fad720c8bfdcee9e4c7f2e62e41d21409,
legacy_vue/public/assets/images/unified_image2_2026-07-31/cg/cg_05_end_failure_aftermath_image2_raw.png,2316679,c4740dbaee78cf386ceafc5f7cf8f877b6c16b62301e2aed672cc36f4ea7c73a,
legacy_vue/public/assets/images/unified_image2_2026-07-31/cover/cover_key_art_background_1920x1080.webp,1331384,e80cc9054641c11ebbc7b3b63facc64beead21eabcc7a06981b02d6eef7d00d5,
legacy_vue/public/assets/images/unified_image2_2026-07-31/cover/cover_key_art_background_image2_raw.png,2304005,27f41963cc699f92da2401c4720cb415823e2b9e938f5701c68cae947afdbcef,
legacy_vue/public/assets/images/unified_image2_2026-07-31/cover/cover_key_art_title_1920x1080.png,2753823,66eeb1cb0e23e52ac02fbb4b81ffd5c6561a214ed6190c55bb81e273160060f9,
legacy_vue/public/assets/images/unified_image2_2026-07-31/cover/cover_key_art_title_1920x1080.webp,1367300,7814ee4b046310c9332d76d9e34f1fdd01de35253055f6f0c082e8849e969c51,
legacy_vue/public/assets/images/unified_image2_2026-07-31/game_cg/emotion/emotion_curiosity_1600.webp,1100362,e0cc06000f744ded6daad2a2634cc90956b5588d45d79ed28b293a6ced6df743,legacy_vue/src/domain/gameContract.ts:224
legacy_vue/public/assets/images/unified_image2_2026-07-31/game_cg/emotion/emotion_curiosity_900.webp,375788,57ee3669ab8adbb71995c6d3ca848ce42abfa5eb6b375a31ec698c113cafc0e7,legacy_vue/src/domain/gameContract.ts:225
legacy_vue/public/assets/images/unified_image2_2026-07-31/game_cg/emotion/emotion_curiosity_image2_raw.png,2394614,e2e6e3c43b612f41da930920e2d90d9ba0793d6fa9e04054c67affd5f75fd0aa,
legacy_vue/public/assets/images/unified_image2_2026-07-31/game_cg/emotion/emotion_soft_1600.webp,1102240,5d7ed380eb4766e5bdca2a24ad576b912bdfa6cf4e275864c5ef2b29f66dceac,legacy_vue/src/domain/gameContract.ts:217
legacy_vue/public/assets/images/unified_image2_2026-07-31/game_cg/emotion/emotion_soft_900.webp,372720,7926fa9718e1693323b593b69d34c5a3ab88fb2aceddaa915e638ceb44584601,legacy_vue/src/domain/gameContract.ts:218
legacy_vue/public/assets/images/unified_image2_2026-07-31/game_cg/emotion/emotion_soft_image2_raw.png,2373408,f6a6013c15863a8124fc7d0683476c3431d804c1d625a5b7c8a8ebb40bf7205d,
legacy_vue/public/assets/images/unified_image2_2026-07-31/game_cg/emotion/emotion_sting_1600.webp,1129094,498c5568b85ec777f54d3309802e1b67b628d522a1abffc429f12f6af9f05498,legacy_vue/src/domain/gameContract.ts:203
legacy_vue/public/assets/images/unified_image2_2026-07-31/game_cg/emotion/emotion_sting_900.webp,404332,69b7612cab3a88eded6aff7f82ec9b19f964e09d052d5d489fae20e8c8322389,legacy_vue/src/domain/gameContract.ts:204
legacy_vue/public/assets/images/unified_image2_2026-07-31/game_cg/emotion/emotion_sting_image2_raw.png,2486747,1302fe5105d16c3fdec2652a59aa54a200c4c27c83e2bc8e4f6f4d0942eea83d,
legacy_vue/public/assets/images/unified_image2_2026-07-31/game_cg/emotion/emotion_surprise_1600.webp,1096492,1efdeed727603e2396e7fef86341e0023c0c6857b6452f300365ff271dc94cc5,legacy_vue/src/domain/gameContract.ts:210
legacy_vue/public/assets/images/unified_image2_2026-07-31/game_cg/emotion/emotion_surprise_900.webp,370078,718feeb7d06ceee7583b869593e80eab996ffa8c7755abfb6e8bf48304b35c77,legacy_vue/src/domain/gameContract.ts:211
legacy_vue/public/assets/images/unified_image2_2026-07-31/game_cg/emotion/emotion_surprise_image2_raw.png,2378524,28fe78176485b93033e18731ef266153cfa0033995ccc60a215aaea1eabdc729,
legacy_vue/public/assets/images/unified_image2_2026-07-31/game_cg/ending/death_01_1600.webp,1112712,6b97f92a31943ed0d0afe569fe5c7451597b61b7cae5eaade4cfda1e06a4b168,
legacy_vue/public/assets/images/unified_image2_2026-07-31/game_cg/ending/death_01_900.webp,378306,9b2efd921b884ef6e75cb175ff57201c26aa2392732c3fd98d7c3e76efba7cce,
legacy_vue/public/assets/images/unified_image2_2026-07-31/game_cg/ending/death_01_camera_lowered_image2_raw.png,2323249,aa519d98c10ba14725a0ad8fdf86c79953a81a25d99221005ca78b22f438911b,
legacy_vue/public/assets/images/unified_image2_2026-07-31/game_cg/ending/death_02_1600.webp,1054578,91a4bff85b7ec6498ed93eca3759452564168fdc8e0d0bf575d31f39442f2fc7,
legacy_vue/public/assets/images/unified_image2_2026-07-31/game_cg/ending/death_02_900.webp,357746,29e6b9bcdfa1d811d61dfd8f79603d0ae405ee88600326e00dfb21a01f604c5d,
legacy_vue/public/assets/images/unified_image2_2026-07-31/game_cg/ending/death_02_camera_on_floor_image2_raw.png,2075603,e4041654209b3eefd56b34073085cc2527232fc856e54028570da3e934dc5a6b,
legacy_vue/public/assets/images/unified_image2_2026-07-31/game_cg/ending/death_03_1600.webp,1086478,8a2baf0a3607e4ea94acaad70222edad9f2405f0d2c31576b1ef2f8b7c871008,
legacy_vue/public/assets/images/unified_image2_2026-07-31/game_cg/ending/death_03_900.webp,367076,e799f53f71e5024d7e74d00a44e7594e527f70213dce6694aaf23ac2a4f8ad9f,
legacy_vue/public/assets/images/unified_image2_2026-07-31/game_cg/ending/death_03_empty_low_image2_raw.png,2289574,3f55791410df102a6c0df81ad2c8ce862c9f9667bc8d973cfab7e346c7ba0694,
legacy_vue/public/assets/images/unified_image2_2026-07-31/game_cg/ending/death_04_1600.webp,1055330,390143ae44a3ff2c37d5c0de15ff65c0ee37cecf98bd6e92e09da7664a239b7c,
legacy_vue/public/assets/images/unified_image2_2026-07-31/game_cg/ending/death_04_900.webp,354624,e7e5edd2d3808a43b0d3e5835fa96b162aac3617a73b5d8f756a54314c6a783e,
legacy_vue/public/assets/images/unified_image2_2026-07-31/game_cg/ending/death_04_empty_wide_image2_raw.png,2182016,621cbcb8fd9abbb10f219b8e7cb52eae58eee0f4479e8c67836750855b27c108,
legacy_vue/public/assets/images/unified_image2_2026-07-31/game_cg/ending/death_05_1600.webp,1085212,8cd79a8731e09768534d7364efe50393809330d490e83ed127ce8331fb90f6cb,
legacy_vue/public/assets/images/unified_image2_2026-07-31/game_cg/ending/death_05_900.webp,368922,2d0a489625b0f2f9822e4612543865ab32e56f21a66afadd707b9a23dd28006c,
legacy_vue/public/assets/images/unified_image2_2026-07-31/game_cg/ending/end_acquaintance_1600.webp,1090328,7045d7e9c06a0a8ad7984248fcaa1b14770a9c4efb13994de026d2340682b1a1,
legacy_vue/public/assets/images/unified_image2_2026-07-31/game_cg/ending/end_acquaintance_900.webp,371300,4a593ba51aace81866a7a0c79c4993d5660cf3c181a803e7213a6990c5f7a32f,
legacy_vue/public/assets/images/unified_image2_2026-07-31/game_cg/ending/end_disappear_1600.webp,1083614,26b0e79e06c4491fde8d5ea63e891f9f87ef9fe6776fb4aab5144ca0979a71e1,
legacy_vue/public/assets/images/unified_image2_2026-07-31/game_cg/ending/end_disappear_900.webp,367852,9d529e17e714f155b2695b1be0d2051e025e98b385d6eb597aac612475e4b287,
legacy_vue/public/assets/images/unified_image2_2026-07-31/game_cg/opening/opening_01_1920.webp,1225748,df6200342b1026d5a1e2ba6d61a6e22a231f39b1a2f35b95c34c8256f4a23eb1,legacy_vue/src/domain/gameContract.ts:64
legacy_vue/public/assets/images/unified_image2_2026-07-31/game_cg/opening/opening_01_stair_door_image2_raw.png,1972120,e5c26781b3feac449f78607143fd957803b81589fac2208d9443fb2ad4545515,
legacy_vue/public/assets/images/unified_image2_2026-07-31/game_cg/opening/opening_02_1920.webp,1251724,bcebb654ef58447c5edf131bdad42a68aeb48e9f0e40e6e57707b344aad21c23,legacy_vue/src/domain/gameContract.ts:71
legacy_vue/public/assets/images/unified_image2_2026-07-31/game_cg/opening/opening_02_door_ajar_image2_raw.png,1977393,52706f350a9d11f1b84f4af0e61b8cd43ce19a9cab5db29e91ce6ee57968660c,
legacy_vue/public/assets/images/unified_image2_2026-07-31/game_cg/opening/opening_03_1920.webp,1359686,1ccd81b4696fb42f0e01bcb06e777ed839be6853ad639aaef187686fc7077930,legacy_vue/src/domain/gameContract.ts:76
legacy_vue/public/assets/images/unified_image2_2026-07-31/game_cg/opening/opening_03_rooftop_entry_image2_raw.png,2355805,5b9c4df5b53dbb3ba9ac6fce8b4dc4d01d2eb835d136bd23ce7c22dcee035d06,
legacy_vue/public/assets/images/unified_image2_2026-07-31/game_cg/opening/opening_04_1920.webp,1353720,d3089466a933311728462ec751ca855893019efe2c4501e9a30c7f656af2c1f3,legacy_vue/src/domain/gameContract.ts:81
legacy_vue/public/assets/images/unified_image2_2026-07-31/game_cg/opening/opening_04_cautious_approach_image2_raw.png,2300880,ae2d3a520eb8a1702965db957c333736a3b5ec1d9e9a9ef85624ac565fc74804,
legacy_vue/public/assets/images/unified_image2_2026-07-31/game_cg/opening/opening_05_1920.webp,1369034,70f30bc495e6ac20bc1fdad68d850b166863c042edebd3fba1bdc1845defbf3c,legacy_vue/src/domain/gameContract.ts:86
legacy_vue/public/assets/images/unified_image2_2026-07-31/game_cg/state/avatar_guarded_480.webp,200766,ff5173aa6ad665f3d735d599a6d3262985b06b090bf7b229f31ee36bd61dbd44,legacy_vue/src/domain/gameContract.ts:128
legacy_vue/public/assets/images/unified_image2_2026-07-31/game_cg/state/state_edge_1600.webp,1075474,34062b0154973ca6403c7b5c6a4a3fcf86c0bd6005075b36f862c49fa9d340d8,
legacy_vue/public/assets/images/unified_image2_2026-07-31/game_cg/state/state_edge_900.webp,362544,1c66584394f284fed2a298755bdb4dccb9d132c00d24ed0a6ff3f9707f2b1f1f,
legacy_vue/public/assets/images/unified_image2_2026-07-31/game_cg/state/state_guarded_1600.webp,1120034,ec5abb69835fefcac0ed243d30776f744fccc578f85103ac1b77dfbe9b0b4a51,legacy_vue/src/domain/gameContract.ts:113; legacy_vue/src/domain/gameContract.ts:114
legacy_vue/public/assets/images/unified_image2_2026-07-31/game_cg/state/state_guarded_900.webp,399272,ff568219bc6802e178100f633e0147ef22f14465287af3417d1d70b8ee95ee27,legacy_vue/src/domain/gameContract.ts:121; legacy_vue/src/domain/gameContract.ts:122
legacy_vue/public/assets/images/unified_image2_2026-07-31/game_cg/state/state_guarded_normal_image2_raw.png,2438589,5158fcdcff6d3804bcc6591417663c5cb882cb7114fbd7cc2c324871625baf02,
legacy_vue/public/assets/images/unified_image2_2026-07-31/game_cg/state/state_smoke_1600.webp,1121678,6dbcaada7d3a195a9c6b7880830085e1f70e6d5775e5ac70c124eb163eb87d56,
legacy_vue/public/assets/images/unified_image2_2026-07-31/game_cg/state/state_smoke_900.webp,379748,1368330c951bce2a05d5c4c5c95d2228b7833521f7bb8d90e2b72dfbdaec00eb,
legacy_vue/public/assets/images/unified_image2_2026-07-31/game_cg/state/state_smoke_image2_raw.png,2437162,315e0d4ce7cc3b02afe7d2485d4cf4ff1bc8addb19cdc06ed411190f6e812b47,
legacy_vue/public/assets/images/unified_image2_2026-07-31/game_cg/state/state_turn_back_1600.webp,1071690,7bbd5b99972f33fbc1301ef0a8b17873d33e628983812107f4116e6e09636d8f,legacy_vue/src/domain/gameContract.ts:117
legacy_vue/public/assets/images/unified_image2_2026-07-31/game_cg/state/state_turn_back_900.webp,359410,b8ab48e121ca91f60e60a8b2d8c15d85c3cc2679eba675c6850e6707fb1e4030,legacy_vue/src/domain/gameContract.ts:125
legacy_vue/public/assets/images/unified_image2_2026-07-31/game_cg/state/state_wavering_1600.webp,1104358,42642e046ef7edb070ec714a5c279a28004f11b7d6de1e1ef21d432a8bc2a7c5,legacy_vue/src/domain/gameContract.ts:115
legacy_vue/public/assets/images/unified_image2_2026-07-31/game_cg/state/state_wavering_900.webp,371912,a9fb35a9cc96f84112d0ef447b5b2b4895c12f225621895ef7bc416bf8851b2e,legacy_vue/src/domain/gameContract.ts:123
legacy_vue/public/assets/images/unified_image2_2026-07-31/game_cg/state/state_wavering_image2_raw.png,2387111,90b468d09c4f403c55bdb674b6b306f302f1a2d6d126ac71ed588e2b8ee3bfe1,
legacy_vue/public/assets/images/unified_image2_2026-07-31/pv/pv_01_opening_doorway_1920x1080.webp,1259254,91c25c2463ec84d22981f9fa9684a31609bde3fa20d98bf37131b08009cbfa8c,
legacy_vue/public/assets/images/unified_image2_2026-07-31/pv/pv_01_opening_doorway_image2_raw.png,2126036,8cfcc59ac94b931ac3b238939e84ad8b2dfc37ff52d5c8d1ceb37ccaeec20cf7,
legacy_vue/public/assets/images/unified_image2_2026-07-31/pv/pv_02_guarded_listening_1920x1080.webp,1345378,25c3c028104ee5bbb58b0dec007f851f69bc8c038fb1e1834400c3abfb05f361,
legacy_vue/public/assets/images/unified_image2_2026-07-31/pv/pv_02_guarded_listening_image2_raw.png,2361631,3d948848de1435bac7938ea58b852722a2064f09ec08da0a6a4c0d1249603e05,
legacy_vue/public/assets/images/unified_image2_2026-07-31/pv/pv_03_turn_back_1920x1080.webp,1328232,c0d2962cc4be176f442e4fb6e967b6aef959fb3687662e108501d972586bf559,
legacy_vue/public/assets/images/unified_image2_2026-07-31/pv/pv_03_turn_back_image2_raw.png,2298919,0524cb11d3ad8ab4bbd800b7a4bad0e0d71987dadf3ef8cda69f7e484d830e2b,
