id,path,group,bytes,sha256,master,shumei,working_tree,data_source,master_runtime,shumei_runtime,master_scripts,shumei_scripts,width,height,pixel_sha256,decode_error,batch,recommendation,visual_note
ART-001,docs/art_review_2026-06-29/contact_candidates_cg.png,文档预览 / 截图 / 其他图形,1603112,88143d2aef838281fd23134367264f75c3365255c1bf2bc5130ea28a9bde16ec,True,True,True,working-tree,,,,,1920,960,cbcd02a6392ebf59c6c9788086370a3ba48117e87ce07cc6c963d290275802c4,,HOLD,原稿/营销/复现依赖/其他文档，保留或人工进一步确认,见缩略图与历史审查；未引用或同用途不等于质量不合格
ART-002,docs/art_review_2026-06-29/contact_candidates_setting.png,文档预览 / 截图 / 其他图形,891572,1bb370f46ff6dfc5790c648dfd922fdbc15b3549ff844ae04a9921ded2efa2b6,True,True,True,working-tree,,,,,1920,640,13e05a16d45a3a92aa0830983a31955936049b1d1294689a127328883e52c544,,HOLD,原稿/营销/复现依赖/其他文档，保留或人工进一步确认,见缩略图与历史审查；未引用或同用途不等于质量不合格
ART-003,docs/art_review_2026-06-29/contact_existing_core.png,文档预览 / 截图 / 其他图形,1953635,55d584e7f0c66bdcc86fdba08fecbdb32afa8433ed0d157678dc8f0fc3ef51c0,True,True,True,working-tree,,,,,1920,1280,71025ef0c9f7365919831bda49a369c4999cef1c8732966face84112e8cdf8ff,,HOLD,原稿/营销/复现依赖/其他文档，保留或人工进一步确认,见缩略图与历史审查；未引用或同用途不等于质量不合格
ART-004,docs/art_review_2026-06-29/contact_existing_endings.png,文档预览 / 截图 / 其他图形,1750780,c6b16aba7c8df489876ea001d9463c3827794100eb4aed2275a2e1ec559a475f,True,True,True,working-tree,,,,,1920,960,19397571c95637f4b06fd6229689e818d71cdeb815d489122aec2724e96d7d38,,HOLD,原稿/营销/复现依赖/其他文档，保留或人工进一步确认,见缩略图与历史审查；未引用或同用途不等于质量不合格
ART-005,docs/art_review_2026-07-31/contact_unified_cinematics.png,文档预览 / 截图 / 其他图形,2107242,7b8a2509b622fa9e2a10bd4b328ac6f458d543e6cc92b0dc58eab7886e4baaa0,True,True,True,working-tree,,,legacy_vue/scripts/build_unified_image2_candidates.mjs,legacy_vue/scripts/build_unified_image2_candidates.mjs,2020,971,d90b6df4b09b9dd7857cac3a36c1cfde4c39cd5994a20e1bc0de6a1aa8fb05ec,,HOLD,原稿/营销/复现依赖/其他文档，保留或人工进一步确认,见缩略图与历史审查；未引用或同用途不等于质量不合格
ART-006,docs/art_review_2026-07-31/contact_unified_gameplay_cg.png,文档预览 / 截图 / 其他图形,1624913,681e2d000c78f305d64d076d488e54883575774ff13b7c17b63b798215551593,True,True,True,working-tree,,,legacy_vue/scripts/build_unified_image2_candidates.mjs,legacy_vue/scripts/build_unified_image2_candidates.mjs,1520,971,581300761982d7cc6f6a45193955c36c7d1efc1120d0434df22e9249e28db850,,HOLD,原稿/营销/复现依赖/其他文档，保留或人工进一步确认,见缩略图与历史审查；未引用或同用途不等于质量不合格
ART-007,docs/art_review_2026-07-31/contact_unified_image2.png,文档预览 / 截图 / 其他图形,2563645,bea6ab18891e200d14e41b970afb75b511b3380f396570cc519896019ad28674,True,True,True,working-tree,,,,,1896,1185,003f85339bf0bd84ee94fa46b979486662ad357e58c1cc14cbc39f334f1a008d,,HOLD,原稿/营销/复现依赖/其他文档，保留或人工进一步确认,见缩略图与历史审查；未引用或同用途不等于质量不合格
ART-037,legacy_vue/public/assets/images/bg_rainy_street_1920.webp,菜单 / 背景 / UI / 特效,14122,f041ddeb432d1a4e1af60e4479432c538ddd525c548650b6a6c9b0d48d8da78c,True,True,True,working-tree,,,legacy_vue/scripts/generate_assets.mjs,legacy_vue/scripts/generate_assets.mjs,1920,1080,974b8f0c0f786468b8822729f399044e9a6fb8bdab108f5a6078fe36ec881387,,E,旧占位UI/特效/背景，未发现两分支运行引用；逐项审批,彩色几何占位背景；rooftop仍在成就页使用，必须先替换引用再删除
ART-038,legacy_vue/public/assets/images/bg_rainy_street_750.webp,菜单 / 背景 / UI / 特效,7786,0674fff776a6ea585adfe0d3350620a9b7eed11caf78dee30e7a9e2b2cdcbc81,True,True,True,working-tree,,,legacy_vue/scripts/generate_assets.mjs,legacy_vue/scripts/generate_assets.mjs,750,1334,f65524ccef65a79575584482fdf7b65ff310515c290fbc2ddab4105912a9e224,,E,旧占位UI/特效/背景，未发现两分支运行引用；逐项审批,彩色几何占位背景；rooftop仍在成就页使用，必须先替换引用再删除
ART-039,legacy_vue/public/assets/images/bg_rooftop_night_1920.webp,菜单 / 背景 / UI / 特效,8052,c8d061ab077a27b730ec17c2eefed7f9a327a8ab651c2058629d18d808839b94,True,True,True,working-tree,legacy_vue/src/views/AchievementsView.vue:143,legacy_vue/src/views/AchievementsView.vue:142,legacy_vue/scripts/generate_assets.mjs,legacy_vue/scripts/generate_assets.mjs,1920,1080,bc142dd2fa04e7b50155343595634fc00a1eee0ff3529f54a67eb52665a2f6f9,,KEEP,至少一个版本仍在引用；不进入删除候选,彩色几何占位背景；rooftop仍在成就页使用，必须先替换引用再删除
ART-040,legacy_vue/public/assets/images/bg_rooftop_night_750.webp,菜单 / 背景 / UI / 特效,4884,a5bd5953c601bfb02117adf244b1a9a496aa72b720ff7f4a6bdeca75caf6ca75,True,True,True,working-tree,legacy_vue/src/views/AchievementsView.vue:144,legacy_vue/src/views/AchievementsView.vue:143,legacy_vue/scripts/generate_assets.mjs,legacy_vue/scripts/generate_assets.mjs,750,1334,0f8bef4450075a0ffd95c37f60d483adffe8bb9791403bd43add48347f3e5654,,KEEP,至少一个版本仍在引用；不进入删除候选,彩色几何占位背景；rooftop仍在成就页使用，必须先替换引用再删除
ART-041,legacy_vue/public/assets/images/cg_acquaintance_16_9.webp,根目录旧CG与人物,250896,a0fe42e735d17193730dc85cf07773f9529703850c397b28b8d8e800ac4e5581,True,True,True,working-tree,,,legacy_vue/scripts/generate_assets.mjs,legacy_vue/scripts/generate_assets.mjs,1920,1080,2b6b306c9eb41bc839d8a40539fb61508ecd964f1cbe6e7400341cd4a9aee637,,A,根目录旧CG/人物已被07月统一资源接替；需同步停用旧生成项,见缩略图与历史审查；未引用或同用途不等于质量不合格
ART-042,legacy_vue/public/assets/images/cg_acquaintance_9_16.webp,根目录旧CG与人物,16742,ba2a5dc26f6d038db6cdca86f9eb76a983a00c206e99d28f7c908609c4d847e0,True,True,True,working-tree,,,legacy_vue/scripts/generate_assets.mjs,legacy_vue/scripts/generate_assets.mjs,1080,1920,dc7299e876d61d23e3801b5892ea714de4cdb31acc60a6e5006e4d59ac52bed2,,A,根目录旧CG/人物已被07月统一资源接替；需同步停用旧生成项,明显不合格：彩色抽象占位，缺少像素人物/天台，与统一体系冲突
ART-043,legacy_vue/public/assets/images/cg_death_falling_16_9.webp,根目录旧CG与人物,14272,f776d51b062cbf4e59bb3f4b4bf3d4b7f84ec84adf8eb594b29c30f0104b95ca,True,True,True,working-tree,,,legacy_vue/scripts/generate_assets.mjs,legacy_vue/scripts/generate_assets.mjs,1920,1080,0639dc2417107797849f110f96175976fd7aafe747f5c33ac4a9cd59f432aa66,,A,根目录旧CG/人物已被07月统一资源接替；需同步停用旧生成项,明显不合格：彩色抽象占位，缺少像素人物/天台，与统一体系冲突
ART-044,legacy_vue/public/assets/images/cg_death_falling_9_16.webp,根目录旧CG与人物,16714,eacb8fbb3f10e877b84369dfd2ddd93953cf1222d856d72087d5694d6d58cfd5,True,True,True,working-tree,,,legacy_vue/scripts/generate_assets.mjs,legacy_vue/scripts/generate_assets.mjs,1080,1920,061aae38cf73e1c8b75b247d8fb3e7929a231ce702032d13f4df58e1dc0343c9,,A,根目录旧CG/人物已被07月统一资源接替；需同步停用旧生成项,明显不合格：彩色抽象占位，缺少像素人物/天台，与统一体系冲突
ART-045,legacy_vue/public/assets/images/cg_emotion_curiosity_16_9.webp,根目录旧CG与人物,211470,32d67459e3ca5b748a5dd9bb57f040d22fc524dc84c9d6a60872e5a9c1de7e4a,True,True,True,working-tree,,,,,1679,937,9a3e51f4a727953cb825eb1010207446968333735a760dba5c40740ac0b8f1ed,,A,根目录旧CG/人物已被07月统一资源接替；需同步停用旧生成项,旧情绪图眼睛/脸型或微笑漂移、烟雾明显；已由统一emotion图替代
ART-046,legacy_vue/public/assets/images/cg_emotion_soft_16_9.webp,根目录旧CG与人物,228118,d0aa6eafb0d9c335d6a420c8668d10ef71c35a8def51a540eeb8d31b9f87b107,True,True,True,working-tree,,,,,1679,937,2afbac718916108f6b359896a88452dc8e0e9a9919d283c6324ca20a601c07b5,,A,根目录旧CG/人物已被07月统一资源接替；需同步停用旧生成项,旧情绪图眼睛/脸型或微笑漂移、烟雾明显；已由统一emotion图替代
ART-047,legacy_vue/public/assets/images/cg_emotion_sting_16_9.webp,根目录旧CG与人物,207392,dc429a59ca98cbd1b7ec16ea792f1c53485c9a193097e86d4c850a6157a106a1,True,True,True,working-tree,,,,,1678,937,3a71eb749ed783ae1e906e4e60fdcd610a00267e1472f17b019d2c9d9df28405,,A,根目录旧CG/人物已被07月统一资源接替；需同步停用旧生成项,见缩略图与历史审查；未引用或同用途不等于质量不合格
ART-048,legacy_vue/public/assets/images/cg_emotion_surprise_16_9.webp,根目录旧CG与人物,233794,40c900287da463541444605b3d702132b70609503db6f8cb366b4199393aee63,True,True,True,working-tree,,,,,1679,937,d65bc2a1dae560ac876365d39e46f4b3f1ab873a7094bd22affe3d7fa0f7f9a7,,A,根目录旧CG/人物已被07月统一资源接替；需同步停用旧生成项,旧情绪图眼睛/脸型或微笑漂移、烟雾明显；已由统一emotion图替代
ART-049,legacy_vue/public/assets/images/cg_end_disappear.png,根目录旧CG与人物,2156956,9183176d682d29956053d0cf7b1efda67b2082df5d2ad3d7e7a96a6691bcce32,True,True,True,working-tree,,,,,1672,941,f2ef5e323d9a9ce50c0f5ddcdc2f8eaaa9a69c22a5d14cbc30c023ef769fc4da,,A,根目录旧CG/人物已被07月统一资源接替；需同步停用旧生成项,见缩略图与历史审查；未引用或同用途不等于质量不合格
ART-050,legacy_vue/public/assets/images/cg_end_disappear_1600.webp,根目录旧CG与人物,127418,049a9c528f4d8a342fd5b8d0dc3a039dac44fa8d37a1fae749b6b6dd23f61898,True,True,True,working-tree,,,,,1600,900,db4485f4bfea29928602bc0e84aa1a15c7d705b4e0a4290d979d9a1f5a8ec05f,,A,根目录旧CG/人物已被07月统一资源接替；需同步停用旧生成项,见缩略图与历史审查；未引用或同用途不等于质量不合格
ART-051,legacy_vue/public/assets/images/cg_end_disappear_900.webp,根目录旧CG与人物,51786,4b57267d1d949237c98a8e03190689268daf4cdebb55574a7f3254afb09613a1,True,True,True,working-tree,,,,,900,507,a744f2456278822d6facf83d2e24b1b4296a0b512a3133264d6daa9eb2e7e7a0,,A,根目录旧CG/人物已被07月统一资源接替；需同步停用旧生成项,见缩略图与历史审查；未引用或同用途不等于质量不合格
ART-052,legacy_vue/public/assets/images/cg_end_fall.png,根目录旧CG与人物,1796121,0ddf7a2afec3ba2f1fa3bf6e1f87ba58f0aa2f02f54157a78b83b4e0b696ef9b,True,True,True,working-tree,,,,,1672,941,61cb166242c91bcffc5eba2a4c35c647d393eb428cf15e7e3154e60dedc4a2b6,,A,根目录旧CG/人物已被07月统一资源接替；需同步停用旧生成项,旧结局含实际坠落图/危险姿态；png静帧与同名webp并非全部同画面，不可按扩展名推断
ART-053,legacy_vue/public/assets/images/cg_end_fall_1600.webp,根目录旧CG与人物,153858,82586442e5235e1291f2c9edac9339eb83ee8d39f126f15696ed6ec7d86f8a56,True,True,True,working-tree,,,,,1600,900,712340c0b8ce7ec4e955625c595002df6ad0828e0b80d51ec5cfca639e87bd38,,A,根目录旧CG/人物已被07月统一资源接替；需同步停用旧生成项,旧结局含实际坠落图/危险姿态；png静帧与同名webp并非全部同画面，不可按扩展名推断
ART-054,legacy_vue/public/assets/images/cg_end_fall_900.webp,根目录旧CG与人物,58384,5a8fb20eb6dc5ff04c8d6bb523014f86ff852f44b3fc6f0b2c8e4a78ac2eed87,True,True,True,working-tree,,,,,900,506,2cc3a04ae1be7c5c5cc723a149450a65876aa4dd6ec6ff8774c33d70b80e7998,,A,根目录旧CG/人物已被07月统一资源接替；需同步停用旧生成项,旧结局含实际坠落图/危险姿态；png静帧与同名webp并非全部同画面，不可按扩展名推断
ART-055,legacy_vue/public/assets/images/cg_end_fall_seq_01_1600.webp,根目录旧CG与人物,102058,e0009c6d409317fe5bbcde529b48c66b1a2d9da225f4d56fe3c553461c1ed44c,True,True,True,working-tree,,,,,1600,900,dc8f44d479a264145818f159e74c6aa8bd434440292c58ab09fd976e2784cce4,,A,根目录旧CG/人物已被07月统一资源接替；需同步停用旧生成项,旧结局含实际坠落图/危险姿态；png静帧与同名webp并非全部同画面，不可按扩展名推断
ART-056,legacy_vue/public/assets/images/cg_end_fall_seq_01_900.webp,根目录旧CG与人物,41004,e6960a0bb7ff23b08092834f957e5e757d1bd6207a7a3d3dc9ddd223532f25f8,True,True,True,working-tree,,,,,900,506,d71a1e77d19fe8295da73f4d8874ea488f66e019fc53727ab5dc01f72fde6387,,A,根目录旧CG/人物已被07月统一资源接替；需同步停用旧生成项,旧结局含实际坠落图/危险姿态；png静帧与同名webp并非全部同画面，不可按扩展名推断
ART-057,legacy_vue/public/assets/images/cg_end_fall_seq_01_source.png,根目录旧CG与人物,2066255,eeed779dca33c7df9e43c6e6afd0818c997b5403e5c5ebc09919a6923fda9937,True,True,True,working-tree,,,,,1672,941,2481f34f3f8b7177a3061ff7bae85d96846aa2c97444b1147f3a23543bead7aa,,A,根目录旧CG/人物已被07月统一资源接替；需同步停用旧生成项,旧结局含实际坠落图/危险姿态；png静帧与同名webp并非全部同画面，不可按扩展名推断
ART-058,legacy_vue/public/assets/images/cg_end_fall_seq_02_1600.webp,根目录旧CG与人物,98410,70e1a79f4c65a94b69f618b7697986bd05362d996bc0767082d311bc1ad9d635,True,True,True,working-tree,,,,,1600,900,8b8802c512b759033b1c445617dafa453c9ba0d8f25d393bfaf8458208a8dae1,,A,根目录旧CG/人物已被07月统一资源接替；需同步停用旧生成项,旧结局含实际坠落图/危险姿态；png静帧与同名webp并非全部同画面，不可按扩展名推断
ART-059,legacy_vue/public/assets/images/cg_end_fall_seq_02_900.webp,根目录旧CG与人物,40812,731dd9c13bff0e2ee01c6f0bd18b6afb56245873623706c8b3a98273fb3cfbee,True,True,True,working-tree,,,,,900,506,9237119b0fbf272b43dcd1585eac3bec30324bc926c0e63c744ef01596639d58,,A,根目录旧CG/人物已被07月统一资源接替；需同步停用旧生成项,旧结局含实际坠落图/危险姿态；png静帧与同名webp并非全部同画面，不可按扩展名推断
ART-060,legacy_vue/public/assets/images/cg_end_fall_seq_02_source.png,根目录旧CG与人物,1973297,cf1ef895ae1122d0110ba2928da7121146f16cc063171d3bc932f55966d25622,True,True,True,working-tree,,,,,1672,941,eed142438684c182e732ce57b42435a7d701db1e14732e3e4645263d9ac00ebd,,A,根目录旧CG/人物已被07月统一资源接替；需同步停用旧生成项,旧结局含实际坠落图/危险姿态；png静帧与同名webp并非全部同画面，不可按扩展名推断
ART-061,legacy_vue/public/assets/images/cg_end_fall_seq_03_1600.webp,根目录旧CG与人物,112032,50f7492671b70d50081fb891c5ff45951a4a07c3f85c69e7dbdd7d1872a9b70d,True,True,True,working-tree,,,,,1600,900,f3b1618af4941a1bef7220fc7b0ff6a38dcb6a9278d889c223ec78a3401300e2,,A,根目录旧CG/人物已被07月统一资源接替；需同步停用旧生成项,旧结局含实际坠落图/危险姿态；png静帧与同名webp并非全部同画面，不可按扩展名推断
ART-062,legacy_vue/public/assets/images/cg_end_fall_seq_03_900.webp,根目录旧CG与人物,47970,59b168adaca688310e0eac5037756bbe3f392d13dafe40be8639fb91a7fb70a1,True,True,True,working-tree,,,,,900,506,a5c003dfa5bd465625f23ca80e2a91811d76c22e4da8e760cd17a14ea7feea62,,A,根目录旧CG/人物已被07月统一资源接替；需同步停用旧生成项,旧结局含实际坠落图/危险姿态；png静帧与同名webp并非全部同画面，不可按扩展名推断
ART-063,legacy_vue/public/assets/images/cg_end_fall_seq_03_source.png,根目录旧CG与人物,2100523,09ad0f6ccee71253b0b156c5345f777a21d8d83067c73bceeff7118cc98eb2a5,True,True,True,working-tree,,,,,1672,941,92e827ae1443b7f6abafdac9886d02fcb3e1613adcf80b140a7b29f2ae545c45,,A,根目录旧CG/人物已被07月统一资源接替；需同步停用旧生成项,旧结局含实际坠落图/危险姿态；png静帧与同名webp并非全部同画面，不可按扩展名推断
ART-064,legacy_vue/public/assets/images/cg_end_fall_seq_04_1600.webp,根目录旧CG与人物,139224,658973914a38e541faf908ad5be157db5dee5ab6ded3ddd75d37f70e54241d5d,True,True,True,working-tree,,,,,1600,900,2517405587fa436eaf3a286fd47d1cb361070d1e9f30dece57c6fc63c3e6b8c7,,A,根目录旧CG/人物已被07月统一资源接替；需同步停用旧生成项,旧结局含实际坠落图/危险姿态；png静帧与同名webp并非全部同画面，不可按扩展名推断
ART-065,legacy_vue/public/assets/images/cg_end_fall_seq_04_900.webp,根目录旧CG与人物,50504,3f9baa23f26288df96ce62b4605827ba7eec10d2164c42326cd31e9f9b059278,True,True,True,working-tree,,,,,900,506,beb7a67e0a65652c5af7a6975c92363989ccc7b83a51ea5a3c7aee1aba55ff85,,A,根目录旧CG/人物已被07月统一资源接替；需同步停用旧生成项,旧结局含实际坠落图/危险姿态；png静帧与同名webp并非全部同画面，不可按扩展名推断
ART-066,legacy_vue/public/assets/images/cg_end_fall_seq_04_source.png,根目录旧CG与人物,2344274,bc55bf8f5057a00675a74c5dc112ae6735c64b3de0cd009d0b94c7df26918338,True,True,True,working-tree,,,,,1672,941,59698d82d3c0642c700a9e5f929f34e0252335b3d71423681a1b4cc22095ec67,,A,根目录旧CG/人物已被07月统一资源接替；需同步停用旧生成项,旧结局含实际坠落图/危险姿态；png静帧与同名webp并非全部同画面，不可按扩展名推断
ART-067,legacy_vue/public/assets/images/cg_end_fall_seq_05_1600.webp,根目录旧CG与人物,106274,8d18872f67634ba2ed1eb61341f2dd781923fb7eca8889b1e775102e4e02fb85,True,True,True,working-tree,,,,,1600,900,14b8c305675b6b77f0daf5c5ef9091805b1ef6972c219b2193ca034087f84fe9,,A,根目录旧CG/人物已被07月统一资源接替；需同步停用旧生成项,旧结局含实际坠落图/危险姿态；png静帧与同名webp并非全部同画面，不可按扩展名推断
ART-068,legacy_vue/public/assets/images/cg_end_fall_seq_05_900.webp,根目录旧CG与人物,43256,922ee53a05e5855491894ca81728584f74b1abd969acf5be5c0d8be541dc912f,True,True,True,working-tree,,,,,900,506,1c56e7945d15e57017615f9076a9b85fade1b25ec385a1a74bf88408b67b5231,,A,根目录旧CG/人物已被07月统一资源接替；需同步停用旧生成项,旧结局含实际坠落图/危险姿态；png静帧与同名webp并非全部同画面，不可按扩展名推断
ART-069,legacy_vue/public/assets/images/cg_end_fall_seq_05_source.png,根目录旧CG与人物,2022006,d574efed43b3fcc5ca1622babdead914020ed807cab7a4de63b5b6ac966d7a42,True,True,True,working-tree,,,,,1672,941,79ad5e55d0b2a27b5e513641ac447ff75339eeefcd76bec1e41df0c1662de736,,A,根目录旧CG/人物已被07月统一资源接替；需同步停用旧生成项,旧结局含实际坠落图/危险姿态；png静帧与同名webp并非全部同画面，不可按扩展名推断
ART-070,legacy_vue/public/assets/images/cg_end_fall_source_v2.png,根目录旧CG与人物,2403752,33ac615fee5a4283b78e2982889f8249493ab06918d6707b80a7b9177ede6e21,True,True,True,working-tree,,,,,1672,941,e5ab6ef064986e6adcc6f8425364948d209517f9fbb9fb6df22d6d09a663a265,,A,根目录旧CG/人物已被07月统一资源接替；需同步停用旧生成项,旧结局含实际坠落图/危险姿态；png静帧与同名webp并非全部同画面，不可按扩展名推断
ART-071,legacy_vue/public/assets/images/cg_opening_stair_01_16_9.webp,根目录旧CG与人物,158908,c2dcfca5cd7e85a865fac499b76c6bb179a3fdd896c8a989dfad2310a78cfc07,True,True,True,working-tree,,,,,1920,1080,51e20e05363663213f1cc509c6f6ed3e7a0620e5b982730997c748b98d35b519,,A,根目录旧CG/人物已被07月统一资源接替；需同步停用旧生成项,见缩略图与历史审查；未引用或同用途不等于质量不合格
ART-072,legacy_vue/public/assets/images/cg_opening_stair_02_16_9.webp,根目录旧CG与人物,191848,46974f58a9223b4ea1c8499b4f5bf25adad3515d8065d52f027f463156dae59c,True,True,True,working-tree,,,,,1920,1080,77830a13485c87f1dbf93369c50b7f9d8a7ade6f41c3a5d1de38efc5eb7c55e0,,A,根目录旧CG/人物已被07月统一资源接替；需同步停用旧生成项,见缩略图与历史审查；未引用或同用途不等于质量不合格
ART-073,legacy_vue/public/assets/images/cg_opening_stair_03_16_9.webp,根目录旧CG与人物,312204,f17ce1665d8fe87f1ef1b69bf1df3ff0e0b493d327952e9e4948c58569a6aad1,True,True,True,working-tree,,,,,1920,1080,ded116501ac1d6a1864481b06fe93d9f40af8bb8baa969ec4fea20b5b497a92c,,A,根目录旧CG/人物已被07月统一资源接替；需同步停用旧生成项,见缩略图与历史审查；未引用或同用途不等于质量不合格
ART-074,legacy_vue/public/assets/images/cg_opening_stair_04_16_9.webp,根目录旧CG与人物,249438,d842036f7cb645fc437fddedc708fc3a4a9551c8479730db8a4c7ec4380eabc7,True,True,True,working-tree,,,,,1920,1080,c26716a8afb91e4108b084e6deca59191bef3e6c6e69ef523ff3e21200092086,,A,根目录旧CG/人物已被07月统一资源接替；需同步停用旧生成项,见缩略图与历史审查；未引用或同用途不等于质量不合格
ART-075,legacy_vue/public/assets/images/cg_opening_stair_05_16_9.webp,根目录旧CG与人物,250030,a1db52e109e8625775e1b0a4dd83a4db3b25a92d7ec816421c933bc4c8ee98c1,True,True,True,working-tree,,,,,1920,1080,5f4c68d59ffc7b73e30e52ae9d3aa101cf8fe05437ddc54c884a62c3205f29fa,,A,根目录旧CG/人物已被07月统一资源接替；需同步停用旧生成项,见缩略图与历史审查；未引用或同用途不等于质量不合格
ART-076,legacy_vue/public/assets/images/cg_pressure_near_jump_16_9.webp,根目录旧CG与人物,199496,47a38d893bbffba43be30cbaa788a3aa6f0e4588d53026b72077ae2d040c6712,True,True,True,working-tree,,,,,1672,941,6eb908033f2e6609af75d04b417d1f8848e258e8998243a9e8855a5857d6f863,,A,根目录旧CG/人物已被07月统一资源接替；需同步停用旧生成项,见缩略图与历史审查；未引用或同用途不等于质量不合格
ART-077,legacy_vue/public/assets/images/cg_pressure_turn_back_16_9.webp,根目录旧CG与人物,163154,53caec9ae903a8ab5dc44fe1d25381a6bea8c92f9b821ab698c6f8804111b449,True,True,True,working-tree,,,,,1600,900,e400259ef8552be12f2ff5bf09412c69c9f1b703405237ea79581af3768a774c,,A,根目录旧CG/人物已被07月统一资源接替；需同步停用旧生成项,见缩略图与历史审查；未引用或同用途不等于质量不合格
ART-078,legacy_vue/public/assets/images/cg_pressure_turn_back_source.png,根目录旧CG与人物,1951471,8c4d4bce3f7891879434e8c10cc0a01f8749d62fae3f58d79ba84386a5323822,True,True,True,working-tree,,,,,1600,900,0cea464862e95def47b98826e04a3e053ac793a51e747f95255889aa81b0ea7e,,A,根目录旧CG/人物已被07月统一资源接替；需同步停用旧生成项,见缩略图与历史审查；未引用或同用途不等于质量不合格
ART-079,legacy_vue/public/assets/images/char_girl_normal.png,根目录旧CG与人物,8111019,6be0e329cdffc6fc9682465e253886f400ad566ad7933826aa0149c15b5b964d,True,True,True,working-tree,,,legacy_vue/scripts/generate_assets.mjs,legacy_vue/scripts/generate_assets.mjs,2752,1536,bb5f0b3ac3b5e961cf62673ae09521cd83131dabe8d33476d056cd08d1ec0a82,,A,根目录旧CG/人物已被07月统一资源接替；需同步停用旧生成项,旧坐栏杆/烟雾构图；normal与sad三种规格逐一完全重复；部分图有右下星形标记
ART-080,legacy_vue/public/assets/images/char_girl_normal_1600.webp,根目录旧CG与人物,124878,a15a094a51bf4c598d7b929083ee2ae3684b2220d66f0dbc890b88c112be707c,True,True,True,working-tree,,,,,1600,893,b3a7bda5ddff73e6dd12572311bf50c5095f69fa45b1577a38679a2be9835eb5,,A,根目录旧CG/人物已被07月统一资源接替；需同步停用旧生成项,旧坐栏杆/烟雾构图；normal与sad三种规格逐一完全重复；部分图有右下星形标记
ART-081,legacy_vue/public/assets/images/char_girl_normal_900.webp,根目录旧CG与人物,52422,46427afe247126536836977f6fd367965dbebd3ccf64a194d11731f0c21941a2,True,True,True,working-tree,,,,,900,502,0b6e3eb3d788227789ee85e48ae8fce337b80d4510444099c1fb1952e2b19516,,A,根目录旧CG/人物已被07月统一资源接替；需同步停用旧生成项,旧坐栏杆/烟雾构图；normal与sad三种规格逐一完全重复；部分图有右下星形标记
ART-082,legacy_vue/public/assets/images/char_girl_sad.png,根目录旧CG与人物,8111019,6be0e329cdffc6fc9682465e253886f400ad566ad7933826aa0149c15b5b964d,True,True,True,working-tree,,,legacy_vue/scripts/generate_assets.mjs,legacy_vue/scripts/generate_assets.mjs,2752,1536,bb5f0b3ac3b5e961cf62673ae09521cd83131dabe8d33476d056cd08d1ec0a82,,A,根目录旧CG/人物已被07月统一资源接替；需同步停用旧生成项,旧坐栏杆/烟雾构图；normal与sad三种规格逐一完全重复；部分图有右下星形标记
ART-083,legacy_vue/public/assets/images/char_girl_sad_1600.webp,根目录旧CG与人物,124878,a15a094a51bf4c598d7b929083ee2ae3684b2220d66f0dbc890b88c112be707c,True,True,True,working-tree,,,,,1600,893,b3a7bda5ddff73e6dd12572311bf50c5095f69fa45b1577a38679a2be9835eb5,,A,根目录旧CG/人物已被07月统一资源接替；需同步停用旧生成项,旧坐栏杆/烟雾构图；normal与sad三种规格逐一完全重复；部分图有右下星形标记
ART-084,legacy_vue/public/assets/images/char_girl_sad_900.webp,根目录旧CG与人物,52422,46427afe247126536836977f6fd367965dbebd3ccf64a194d11731f0c21941a2,True,True,True,working-tree,,,,,900,502,0b6e3eb3d788227789ee85e48ae8fce337b80d4510444099c1fb1952e2b19516,,A,根目录旧CG/人物已被07月统一资源接替；需同步停用旧生成项,旧坐栏杆/烟雾构图；normal与sad三种规格逐一完全重复；部分图有右下星形标记
ART-085,legacy_vue/public/assets/images/char_girl_smoke.png,根目录旧CG与人物,3990601,6aa4ea4d08f825502ff5db3606aae20f8dfee76b6f5df39d3e6253a1a16b9724,True,True,True,working-tree,legacy_vue/src/views/StartView.vue:270; legacy_vue/src/views/StartView.vue:821,,legacy_vue/scripts/generate_assets.mjs,legacy_vue/scripts/generate_assets.mjs,2752,1536,a2d687ade681715ab479e08e80ae2717c43158f225c37bc4e941cf79becb8872,,KEEP,至少一个版本仍在引用；不进入删除候选,见缩略图与历史审查；未引用或同用途不等于质量不合格
ART-086,legacy_vue/public/assets/images/char_girl_smoke_1600.webp,根目录旧CG与人物,107920,97607e239e9edc8a684ad20c854852a672d305eee0ab23b5e043a55586d72d99,True,True,True,working-tree,legacy_vue/src/views/StartView.vue:267; legacy_vue/src/views/StartView.vue:269,,,,1600,893,135f5316efe97eb45ccc936e8165c7e398530ee364f39b16e77493e37ea38d26,,KEEP,至少一个版本仍在引用；不进入删除候选,见缩略图与历史审查；未引用或同用途不等于质量不合格
ART-087,legacy_vue/public/assets/images/char_girl_smoke_900.webp,根目录旧CG与人物,54816,df854c5530402ad92025ed069cdfc6852e2f83f24d454125a799cc2ed79f5cc1,True,True,True,working-tree,legacy_vue/src/views/StartView.vue:818; legacy_vue/src/views/StartView.vue:820,,,,900,502,4f59a29f2d8ca2bc4d5b8ef23290f3013651b12b7da313b8a4f8ffb30e6f070e,,KEEP,至少一个版本仍在引用；不进入删除候选,见缩略图与历史审查；未引用或同用途不等于质量不合格
ART-088,legacy_vue/public/assets/images/char_girl_sneer.png,根目录旧CG与人物,2194282,e12252fddc44243560720a9d032354a14edfb63927ec6a4550295e23c3c38486,True,True,True,working-tree,,,legacy_vue/scripts/generate_assets.mjs,legacy_vue/scripts/generate_assets.mjs,2752,1536,f7c92cc877669c579a3309843d56bc1244687b8533f2c56bb03c25faf74e9a60,,A,根目录旧CG/人物已被07月统一资源接替；需同步停用旧生成项,旧坐栏杆/烟雾构图；normal与sad三种规格逐一完全重复；部分图有右下星形标记
ART-089,legacy_vue/public/assets/images/char_girl_sneer_480.webp,根目录旧CG与人物,21898,c5bca290ba975806aab34dffd7a0c7de5cbb2ae9be21e7d73e18caa7fef46848,True,True,True,working-tree,,,,,480,268,25a03a8ec445dc2018af94c1a26095926756f585eb3137eb9c25e983cb91d25d,,A,根目录旧CG/人物已被07月统一资源接替；需同步停用旧生成项,旧坐栏杆/烟雾构图；normal与sad三种规格逐一完全重复；部分图有右下星形标记
ART-090,legacy_vue/public/assets/images/icon_umbrella.svg,菜单 / 背景 / UI / 特效,538,88d7f73af27fcc7cdb5cb51a5d08498975dff7385d85f35302b19c3fafcf5378,True,True,True,working-tree,,,legacy_vue/scripts/generate_assets.mjs,legacy_vue/scripts/generate_assets.mjs,,,,,E,旧占位UI/特效/背景，未发现两分支运行引用；逐项审批,见缩略图与历史审查；未引用或同用途不等于质量不合格
ART-091,legacy_vue/public/assets/images/menu_bg_rooftop.png,菜单 / 背景 / UI / 特效,2100423,60cc4cdd1e9519f42416c6ef65c45ff324203f817e762f5af333d23e6e0fadf6,True,True,True,working-tree,legacy_vue/src/views/StartView.vue:256; legacy_vue/src/views/StartView.vue:810,legacy_vue/src/views/StartView.vue:255; legacy_vue/src/views/StartView.vue:794,,,1672,941,5b32049ae80c1d8c18e1ad8084993b0b15449ffc33bb1213ae6d7a09b4963bce,,KEEP,至少一个版本仍在引用；不进入删除候选,见缩略图与历史审查；未引用或同用途不等于质量不合格
ART-092,legacy_vue/public/assets/images/menu_bg_rooftop_1600.webp,菜单 / 背景 / UI / 特效,144704,6b3fc58a5cb42bfca7c24b825e46d9cb243a2ee574d10444b44e2ec2726a88a7,True,True,True,working-tree,legacy_vue/src/views/StartView.vue:253; legacy_vue/src/views/StartView.vue:255,legacy_vue/src/views/StartView.vue:252; legacy_vue/src/views/StartView.vue:254,,,1600,900,2f72af66b2cd7db68d56501bea6b7121981f1a0c4cb8b65164e7539f801f5bbd,,KEEP,至少一个版本仍在引用；不进入删除候选,见缩略图与历史审查；未引用或同用途不等于质量不合格
ART-093,legacy_vue/public/assets/images/menu_bg_rooftop_900.webp,菜单 / 背景 / UI / 特效,61410,c4d6821c4d91f60fafb5897097eecbc3839861751dec834726e35de0d2301b45,True,True,True,working-tree,legacy_vue/src/views/StartView.vue:807; legacy_vue/src/views/StartView.vue:809,legacy_vue/src/views/StartView.vue:791; legacy_vue/src/views/StartView.vue:793,,,900,507,c763aee48599ec28fc5ef2e9c95c09b123b7bb72ceeaacfc0944325546acc4eb,,KEEP,至少一个版本仍在引用；不进入删除候选,见缩略图与历史审查；未引用或同用途不等于质量不合格
ART-094,legacy_vue/public/assets/images/menu_home_bg_1600.webp,菜单 / 背景 / UI / 特效,117328,92704781acd80cb934d1551113b142f9199f2e566c8a7d2ebae49e63fd9054de,True,True,True,working-tree,,,,,1600,900,1e9aaef707c603c54543b235e12e1c77ecd3301791d4d6d4ef0731ae5d57d526,,F,旧首页吸烟背景/菜单光效/标题雾层，均未发现两分支运行引用；原稿先归档,旧首页含吸烟人物；现首页为无人天台，功能重合但并非完全相同
ART-095,legacy_vue/public/assets/images/menu_home_bg_900.webp,菜单 / 背景 / UI / 特效,45724,d97a375fd58fc1548ddbd86f22d3a0e00b4c21b7a9b9868da807aef80932d115,True,True,True,working-tree,,,,,900,506,afb6a2d63e984688ed4022a355a3d6abcc0506134f950917a68342b9e1eba10b,,F,旧首页吸烟背景/菜单光效/标题雾层，均未发现两分支运行引用；原稿先归档,旧首页含吸烟人物；现首页为无人天台，功能重合但并非完全相同
ART-096,legacy_vue/public/assets/images/menu_home_bg_source.png,菜单 / 背景 / UI / 特效,1911964,1f6307bcff3d5b2b592418f4f14ac36e0ce2dbf2d543e0f83edb6e9189b06787,True,True,True,working-tree,,,,,1672,941,3d803770398851789a28477cbe90ea66ddef5d8d28b5eb16181729ecb993db7e,,F,旧首页吸烟背景/菜单光效/标题雾层，均未发现两分支运行引用；原稿先归档,旧首页含吸烟人物；现首页为无人天台，功能重合但并非完全相同
ART-097,legacy_vue/public/assets/images/menu_home_menu_aura_1600.webp,菜单 / 背景 / UI / 特效,29856,0c1dc93cb4aa85420e9b7193bdbb84261071d3adda64db971805610065e02bb1,True,True,True,working-tree,,,,,1600,900,1e49b71e93330c806ba5e430eb84a550c0c966294d338e910dba7ddb1f5696e7,,F,旧首页吸烟背景/菜单光效/标题雾层，均未发现两分支运行引用；原稿先归档,见缩略图与历史审查；未引用或同用途不等于质量不合格
ART-098,legacy_vue/public/assets/images/menu_home_menu_aura_900.webp,菜单 / 背景 / UI / 特效,8954,616d0f63945bc2743b7094393870b3d4d6c6e5920fbec277759b3dc3f34eaf3b,True,True,True,working-tree,,,,,900,506,4e5d3df0eb44567aa1e74d04dddf6faf64a415a8bc276a903357aa30ffad630c,,F,旧首页吸烟背景/菜单光效/标题雾层，均未发现两分支运行引用；原稿先归档,见缩略图与历史审查；未引用或同用途不等于质量不合格
ART-099,legacy_vue/public/assets/images/menu_home_menu_aura_source.png,菜单 / 背景 / UI / 特效,1534747,143276d6054c4d492b0ae8021ea189f637c596642737a0ffe4d6a485206d2585,True,True,True,working-tree,,,,,1672,941,13563c99cd4d69aec5db9b9aadddc9d682c18d1aeb65df34798a2f1904ddf9b0,,F,旧首页吸烟背景/菜单光效/标题雾层，均未发现两分支运行引用；原稿先归档,见缩略图与历史审查；未引用或同用途不等于质量不合格
ART-100,legacy_vue/public/assets/images/menu_home_title_mist_1600.webp,菜单 / 背景 / UI / 特效,27560,a73deb12f8d07854886987c4de0a32750020d8dedc3c67bcc0af38a0e921c6e0,True,True,True,working-tree,,,,,1600,900,0adf928c6a375cfe638c57ae1d32f89d4edc3bcc558b02b315d950482743f4e7,,F,旧首页吸烟背景/菜单光效/标题雾层，均未发现两分支运行引用；原稿先归档,见缩略图与历史审查；未引用或同用途不等于质量不合格
ART-101,legacy_vue/public/assets/images/menu_home_title_mist_900.webp,菜单 / 背景 / UI / 特效,8730,3ad6186f3ef0250292b36f78396954b7ce6d448d075f2f19def9c5f326e985be,True,True,True,working-tree,,,,,900,506,9b96b92a30918c5244220f26d05a3dae59664a46fb6753eeda958ae4cac0de57,,F,旧首页吸烟背景/菜单光效/标题雾层，均未发现两分支运行引用；原稿先归档,见缩略图与历史审查；未引用或同用途不等于质量不合格
ART-102,legacy_vue/public/assets/images/menu_home_title_mist_source.png,菜单 / 背景 / UI / 特效,1533491,e347288419702e15ca17a9015d1858ffc50d607d3aaf75c392462ed1a441c86d,True,True,True,working-tree,,,,,1672,940,a734a8728f400c4e488cd168752d6a0c219187ee82f688570c5fbec28e09f743,,F,旧首页吸烟背景/菜单光效/标题雾层，均未发现两分支运行引用；原稿先归档,见缩略图与历史审查；未引用或同用途不等于质量不合格
ART-103,legacy_vue/public/assets/images/menu_title.png,菜单 / 背景 / UI / 特效,1240531,1c961a4a2bf6ef7c03c7fa3a98e4de7c231eb0680569b28f4a85805733711d59,True,True,True,working-tree,legacy_vue/src/views/StartView.vue:159,legacy_vue/src/views/StartView.vue:158,legacy_vue/scripts/build_unified_image2_candidates.mjs,legacy_vue/scripts/build_unified_image2_candidates.mjs,1660,496,8e0378603b6f52a423cabf0b497210bfbd4e0688a9eb94cfe7735ff0085c9f72,,KEEP,至少一个版本仍在引用；不进入删除候选,见缩略图与历史审查；未引用或同用途不等于质量不合格
ART-104,legacy_vue/public/assets/images/menu_title.webp,菜单 / 背景 / UI / 特效,193216,8abfb4686025cc8f73071f6f384c88977dc9d30dd151e3bcff4d569131c5f9fc,True,True,True,working-tree,legacy_vue/index.html:13; legacy_vue/src/views/StartView.vue:158,legacy_vue/index.html:13; legacy_vue/src/views/StartView.vue:157,,,1660,496,e2639d0da4a1824fa27d28cbf71108efba810d9499b5fe9e0737ead6a5f0bd96,,KEEP,至少一个版本仍在引用；不进入删除候选,见缩略图与历史审查；未引用或同用途不等于质量不合格
ART-105,legacy_vue/public/assets/images/pv_cover_candidates/pv_cover_tiantai_shiju_title_1680x945.png,PV封面候选,2773090,e9be516abef049a3555ab6ed87120e8bb53de21c9f16b8d973de53cfe075073f,True,True,True,working-tree,,,,,1680,945,f68d6116980305c1b12e0a0178aa1e0fb5999c0dde45c3a53e02ad6afebfdb2b,,HOLD,原稿/营销/复现依赖/其他文档，保留或人工进一步确认,见缩略图与历史审查；未引用或同用途不等于质量不合格
ART-106,legacy_vue/public/assets/images/pv_cover_candidates/pv_cover_tiantai_shiju_title_image2_raw.png,PV封面候选,2047715,4ed749b59337eced8d939fc9f6b4d407a9f8acb3e41032b283a4ed927e184826,True,True,True,working-tree,,,,,1672,941,d19f1250cf24e5a721fb0bdf77131ab5666c72a5e539e124ee0ed4ff2b053956,,HOLD,原稿/营销/复现依赖/其他文档，保留或人工进一步确认,见缩略图与历史审查；未引用或同用途不等于质量不合格
ART-107,legacy_vue/public/assets/images/review_candidates_2026-06-29/cg/candidate_char_states_4up.png,06月候选与设定,2455251,35603e4e73298dc6768093f7220a3fdca42d927c477a51847e1f6f7cfe45e6f0,True,True,True,working-tree,,,,,1672,940,cfa507b11372935ac65eeacced92a41140b56a83ad0b3efd4d8e9d7535a470ec,,B,06月历史候选/设定；仅建议移出运行资源，原稿先归档,见缩略图与历史审查；未引用或同用途不等于质量不合格
ART-108,legacy_vue/public/assets/images/review_candidates_2026-06-29/cg/candidate_emotions_4up.png,06月候选与设定,2283007,e8ae918f3c066e72f1292e6ab95a15a5c3c2f03210176e9421be3fe8e3af230f,True,True,True,working-tree,,,,,1672,941,1deac8e919a40ad5d82a3ee9dabbbccd7f3b890a019eea88c65da995146ad31c,,B,06月历史候选/设定；仅建议移出运行资源，原稿先归档,见缩略图与历史审查；未引用或同用途不等于质量不合格
ART-109,legacy_vue/public/assets/images/review_candidates_2026-06-29/cg/candidate_end_acquaintance.png,06月候选与设定,2330259,a405934f266166450ee4e64e67caf043174801d78f7a7773036aaef1f83b8ce4,True,True,True,working-tree,,,,,1672,941,5176a68e7c6727b18240e60ae40ea4e66375522e2bbc0346bd6c1eeacd2e8317,,B,06月历史候选/设定；仅建议移出运行资源，原稿先归档,见缩略图与历史审查；未引用或同用途不等于质量不合格
ART-110,legacy_vue/public/assets/images/review_candidates_2026-06-29/cg/candidate_end_acquaintance_9_16.png,06月候选与设定,2377474,4f2a8b207fef3cf2ea90eb51c0465faecf10e14e4bf937cb631a8e4b56e85646,True,True,True,working-tree,,,,,941,1672,5c98bb8fa9cd260081b89915396c109644c376d3d418d0b354a6c7f536ae076f,,B,06月历史候选/设定；仅建议移出运行资源，原稿先归档,见缩略图与历史审查；未引用或同用途不等于质量不合格
ART-111,legacy_vue/public/assets/images/review_candidates_2026-06-29/cg/candidate_end_disappear.png,06月候选与设定,2469326,6ce4cb026e96407118b9b1e119d1015c922e9d22750da836778e8bc3e01bd4eb,True,True,True,working-tree,,,,,1672,941,d9226943d5a67a9d5172edbea4b2b49abb3d68d6ae89e2b96040f9c8a4ee70a9,,B,06月历史候选/设定；仅建议移出运行资源，原稿先归档,见缩略图与历史审查；未引用或同用途不等于质量不合格
ART-112,legacy_vue/public/assets/images/review_candidates_2026-06-29/cg/candidate_end_fall_9_16.png,06月候选与设定,2398440,378ab128203c7c0c935aaf03cc32b9c6e7346f9e28005d9da8f6c59506ca9edd,True,True,True,working-tree,,,,,941,1672,fa0beedf7de43f617b02d31981bd879520d79b30ef41c14a5a9ac3930071839a,,B,06月历史候选/设定；仅建议移出运行资源，原稿先归档,见缩略图与历史审查；未引用或同用途不等于质量不合格
ART-113,legacy_vue/public/assets/images/review_candidates_2026-06-29/cg/candidate_end_fall_storyboard.png,06月候选与设定,2403757,fdf9b7d0ce39b405e75fc11ce90f727bc514451cd61291317ed20dd15765e2a6,True,True,True,working-tree,,,,,864,1821,dd18b9cf062109714864e2b8e7fb9a1deb1fb0fae7a5d413daf8e658b26a67a4,,B,06月历史候选/设定；仅建议移出运行资源，原稿先归档,见缩略图与历史审查；未引用或同用途不等于质量不合格
ART-114,legacy_vue/public/assets/images/review_candidates_2026-06-29/cg/candidate_opening_approach.png,06月候选与设定,2042769,ea3178f46cd24ffb04b793db09a06bd8cb1bed97d503ff48c209a50b4ca9ec9e,True,True,True,working-tree,,,,,1672,941,9d7665a6417642670ecf145cce2ba32a0f049a0ee2653e7bcd0147e33581090f,,B,06月历史候选/设定；仅建议移出运行资源，原稿先归档,见缩略图与历史审查；未引用或同用途不等于质量不合格
ART-115,legacy_vue/public/assets/images/review_candidates_2026-06-29/cg/candidate_pressure_near_railing.png,06月候选与设定,2352676,03cd7936f8042552b7c96612f0ca9e1b48c13b0f6f878b6e73e28c04b0ce2bd3,True,True,True,working-tree,,,,,1672,941,90b7deaf4ebf8785b924c81bda3ac4bac462826b424f95102286fc5a2603ae08,,B,06月历史候选/设定；仅建议移出运行资源，原稿先归档,见缩略图与历史审查；未引用或同用途不等于质量不合格
ART-116,legacy_vue/public/assets/images/review_candidates_2026-06-29/cg/candidate_pressure_turn_back.png,06月候选与设定,2324227,6433e81cb29fd70701afa4285e02f2712b0011d276bec7657959747fdff3d130,True,True,True,working-tree,,,,,1672,941,c70de8485262fe60d6b6f4e9622e90a1000bfd52111a9402eab8ec24435f6d4a,,B,06月历史候选/设定；仅建议移出运行资源，原稿先归档,见缩略图与历史审查；未引用或同用途不等于质量不合格
ART-117,legacy_vue/public/assets/images/review_candidates_2026-06-29/setting/ai_action_pose_sheet.png,06月候选与设定,2025981,32439b2af27b312c1e09cd4bd9afe268ea4b0056e3efab1a4de2234d52c78402,True,True,True,working-tree,,,,,1672,941,ec9da54b5630068c3d9196443891f95d6aa6e030e684f68eee296c9e7ed1c1e0,,B,06月历史候选/设定；仅建议移出运行资源，原稿先归档,见缩略图与历史审查；未引用或同用途不等于质量不合格
ART-118,legacy_vue/public/assets/images/review_candidates_2026-06-29/setting/ai_expression_sheet.png,06月候选与设定,1885854,f06f10a84ac198f7e6b55bb98b0365a84091184918a1c2cb793a1194a24a43de,True,True,True,working-tree,,,,,1672,941,aa5e80b04696114e9af7780dac1559481189d71e07ec820c91329efa5692bc28,,B,06月历史候选/设定；仅建议移出运行资源，原稿先归档,见缩略图与历史审查；未引用或同用途不等于质量不合格
ART-119,legacy_vue/public/assets/images/review_candidates_2026-06-29/setting/ai_outfit_props_sheet.png,06月候选与设定,1926231,39368ac7f596b469c6a3b0914eaf3ab98a6ca158f9bb0864b8ae8a3842cc06ed,True,True,True,working-tree,,,,,1672,941,1926895f375518a5afbd5b1a9b67da81771e312df8585b36752e8f7e52e3b5df,,B,06月历史候选/设定；仅建议移出运行资源，原稿先归档,见缩略图与历史审查；未引用或同用途不等于质量不合格
ART-120,legacy_vue/public/assets/images/review_candidates_2026-06-29/setting/ai_turnaround_sheet.png,06月候选与设定,1753423,9e88606dfb2663d51bad9cc18cfb094b0d69628133890d322b10102db948af25,True,True,True,working-tree,,,,,1672,941,e5ea59a7c6bf1cfe570c82eda8cde99af2c331d64da122f4ae94f701fb349c6a,,B,06月历史候选/设定；仅建议移出运行资源，原稿先归档,见缩略图与历史审查；未引用或同用途不等于质量不合格
ART-121,legacy_vue/public/assets/images/review_candidates_2026-06-29/setting/rooftop_environment_sheet.png,06月候选与设定,2641360,10220246fb15f672b50d6b71e48154160d8411d4328291708fe250bba20fa452,True,True,True,working-tree,,,,,1536,1024,de50054ab5b146a9c4bb7962a0b2a2ef2b184df3caa0723c110111eed1cfb11f,,B,06月历史候选/设定；仅建议移出运行资源，原稿先归档,见缩略图与历史审查；未引用或同用途不等于质量不合格
ART-134,legacy_vue/public/assets/images/ui_btn_primary.svg,菜单 / 背景 / UI / 特效,873,20ce1481f23227ab30eddd3b93fd1e5443866e9feb7d337cb17d121c161265c8,True,True,True,working-tree,,,legacy_vue/scripts/generate_assets.mjs,legacy_vue/scripts/generate_assets.mjs,,,,,E,旧占位UI/特效/背景，未发现两分支运行引用；逐项审批,见缩略图与历史审查；未引用或同用途不等于质量不合格
ART-135,legacy_vue/public/assets/images/ui_cigarette_chance.webp,菜单 / 背景 / UI / 特效,6992,6d0843ba9a35b6d2c23ca9e31a8eff879aa8be6db01bb7c9dd17020f08f4fbcf,True,True,True,working-tree,legacy_vue/src/components/ChanceCigarettes.vue:36,,,,256,256,6d86e9f136ba9dabdf46ef71332dcc89cf6c556d6f55a236a7aaa21a42124a0a,,KEEP,至少一个版本仍在引用；不进入删除候选,见缩略图与历史审查；未引用或同用途不等于质量不合格
ART-136,legacy_vue/public/assets/images/ui_cigarette_chance_source.png,菜单 / 背景 / UI / 特效,23182,6187a0f9f2d81d2350b2e3e2bcbfae682dd7522e517183b06176ab03d0d52833,True,True,True,working-tree,,,,,256,256,4e9341c48ba184936e1994b2c2cd7718331f4f3d900d472051841d2e6a492f51,,HOLD,master仍使用香烟机会图，保留其原稿；数媒版不使用,见缩略图与历史审查；未引用或同用途不等于质量不合格
ART-137,legacy_vue/public/assets/images/ui_hint_bulb.svg,菜单 / 背景 / UI / 特效,1242,9ab589941803f48a13250495253a8ecb5562a484d177da40dd7f85c673f4e410,True,True,True,working-tree,legacy_vue/src/views/GameView.vue:311,legacy_vue/src/views/GameView.vue:338,,,,,,,KEEP,至少一个版本仍在引用；不进入删除候选,见缩略图与历史审查；未引用或同用途不等于质量不合格
ART-138,legacy_vue/public/assets/images/ui_progress_bar.svg,菜单 / 背景 / UI / 特效,420,1bdd284aacdca172e12fba60730c971189811e5a580358cca4912982d15704d1,True,True,True,working-tree,,,legacy_vue/scripts/generate_assets.mjs,legacy_vue/scripts/generate_assets.mjs,,,,,E,旧占位UI/特效/背景，未发现两分支运行引用；逐项审批,见缩略图与历史审查；未引用或同用途不等于质量不合格
ART-139,legacy_vue/public/assets/images/unified_image2_2026-07-31/cg/cg_01_pressure_edge_1920x1080.webp,07月统一候选 / 封面 / PV,1322646,f5c38206c262154a76d68e5915591dd2c03beac2e8f4f47d6b5e699a88a5e040,True,True,True,working-tree,,,legacy_vue/scripts/build_unified_image2_candidates.mjs,legacy_vue/scripts/build_unified_image2_candidates.mjs,1920,1080,cd975f860500af1dfc823848234aec6967a4db7e7a9a7cdec9edabac099cf9b9,,HOLD,原稿/营销/复现依赖/其他文档，保留或人工进一步确认,见缩略图与历史审查；未引用或同用途不等于质量不合格
ART-140,legacy_vue/public/assets/images/unified_image2_2026-07-31/cg/cg_01_pressure_edge_image2_raw.png,07月统一候选 / 封面 / PV,2245317,27e4e543f183f87b9b9052552c25045d01de11d7b29c2046099a0b274f8ec9d2,True,True,True,working-tree,,,legacy_vue/scripts/build_unified_image2_candidates.mjs,legacy_vue/scripts/build_unified_image2_candidates.mjs,1672,941,4836f8c0b41d7c175c8169c717b6182b5fd7cf21661e7390dd65c4e8ddacb3e4,,HOLD,原稿/营销/复现依赖/其他文档，保留或人工进一步确认,见缩略图与历史审查；未引用或同用途不等于质量不合格
ART-141,legacy_vue/public/assets/images/unified_image2_2026-07-31/cg/cg_02_turn_back_1920x1080.webp,07月统一候选 / 封面 / PV,1319282,9e96f87b1481634db60b147c9c596a48e7209a40fb6f0215a8f73d8e3a52f8ed,True,True,True,working-tree,,,legacy_vue/scripts/build_unified_image2_candidates.mjs,legacy_vue/scripts/build_unified_image2_candidates.mjs,1920,1080,3e441529ddd4ddf36d7fe05123544c97c326e4fd1ce20f79e38b69b86e68c7fe,,HOLD,原稿/营销/复现依赖/其他文档，保留或人工进一步确认,见缩略图与历史审查；未引用或同用途不等于质量不合格
ART-142,legacy_vue/public/assets/images/unified_image2_2026-07-31/cg/cg_02_turn_back_image2_raw.png,07月统一候选 / 封面 / PV,2207523,bdd9f3bf89df8d265bd4f0ada16b4e0fd42c3d0b5963649e3c7e1783994c96fa,True,True,True,working-tree,,,legacy_vue/scripts/build_unified_image2_candidates.mjs,legacy_vue/scripts/build_unified_image2_candidates.mjs,1672,941,efe3029840a357c285e6e1f74c619fcce285903b5fbdd3d5e66c18be821626de,,HOLD,原稿/营销/复现依赖/其他文档，保留或人工进一步确认,见缩略图与历史审查；未引用或同用途不等于质量不合格
ART-143,legacy_vue/public/assets/images/unified_image2_2026-07-31/cg/cg_03_end_disappear_1920x1080.webp,07月统一候选 / 封面 / PV,1336776,a1dddad29352b85b64772faef18f0120c1bb0eea102e6285267b0c677300e25e,True,True,True,working-tree,,,legacy_vue/scripts/build_unified_image2_candidates.mjs,legacy_vue/scripts/build_unified_image2_candidates.mjs,1920,1080,84a2716f08d78ed21e9d21b50d07b8be25db6a94226b0cd9026e3a7734e53595,,HOLD,原稿/营销/复现依赖/其他文档，保留或人工进一步确认,见缩略图与历史审查；未引用或同用途不等于质量不合格
ART-144,legacy_vue/public/assets/images/unified_image2_2026-07-31/cg/cg_03_end_disappear_image2_raw.png,07月统一候选 / 封面 / PV,2297992,18539139a62b3709e05b0bd1658c9f622168811dabf9a17d46045a5fe113d986,True,True,True,working-tree,,,legacy_vue/scripts/build_unified_image2_candidates.mjs,legacy_vue/scripts/build_unified_image2_candidates.mjs,1672,941,f06f15f944f946a6ff7b15be72ab12ae7b4f9a96edf92a0902f37a7de835e2f8,,HOLD,原稿/营销/复现依赖/其他文档，保留或人工进一步确认,见缩略图与历史审查；未引用或同用途不等于质量不合格
ART-145,legacy_vue/public/assets/images/unified_image2_2026-07-31/cg/cg_04_end_acquaintance_1920x1080.webp,07月统一候选 / 封面 / PV,1339080,a69716334ca9c17be107f9d1608c39d35fbc75c68b1b6456455a8758e64ec5ad,True,True,True,working-tree,,,legacy_vue/scripts/build_unified_image2_candidates.mjs,legacy_vue/scripts/build_unified_image2_candidates.mjs,1920,1080,c6ede189d15ae412bc862242fcd88c51b24054d28b2a6464a4d15c542a227379,,HOLD,原稿/营销/复现依赖/其他文档，保留或人工进一步确认,见缩略图与历史审查；未引用或同用途不等于质量不合格
ART-146,legacy_vue/public/assets/images/unified_image2_2026-07-31/cg/cg_04_end_acquaintance_image2_raw.png,07月统一候选 / 封面 / PV,2347252,ba6062461377edfb11f95c3a9b7bf4d91a8526c62ac4f556cc8f4bdf172de7fd,True,True,True,working-tree,,,legacy_vue/scripts/build_unified_image2_candidates.mjs,legacy_vue/scripts/build_unified_image2_candidates.mjs,1672,940,b7a6f785aa856b30f09c7950f5071c3721ccb3f494747e0dc9fca3cd6ef489b7,,HOLD,原稿/营销/复现依赖/其他文档，保留或人工进一步确认,见缩略图与历史审查；未引用或同用途不等于质量不合格
ART-147,legacy_vue/public/assets/images/unified_image2_2026-07-31/cg/cg_05_end_failure_aftermath_1920x1080.webp,07月统一候选 / 封面 / PV,1340782,261907e5a73a8de2bc5d26c623ab495fad720c8bfdcee9e4c7f2e62e41d21409,True,True,True,working-tree,,,legacy_vue/scripts/build_unified_image2_candidates.mjs,legacy_vue/scripts/build_unified_image2_candidates.mjs,1920,1080,fb52285d85580740ad14b6b871fb6bea30bdd6d0c20de3e0e67e40123de0747d,,HOLD,原稿/营销/复现依赖/其他文档，保留或人工进一步确认,见缩略图与历史审查；未引用或同用途不等于质量不合格
ART-148,legacy_vue/public/assets/images/unified_image2_2026-07-31/cg/cg_05_end_failure_aftermath_image2_raw.png,07月统一候选 / 封面 / PV,2316679,c4740dbaee78cf386ceafc5f7cf8f877b6c16b62301e2aed672cc36f4ea7c73a,True,True,True,working-tree,,,legacy_vue/scripts/build_unified_image2_candidates.mjs,legacy_vue/scripts/build_unified_image2_candidates.mjs,1672,941,2256b45b4e028ff0c8e39c284bf33c9ebe1b645348147d7998ef37c359929c51,,HOLD,原稿/营销/复现依赖/其他文档，保留或人工进一步确认,见缩略图与历史审查；未引用或同用途不等于质量不合格
ART-149,legacy_vue/public/assets/images/unified_image2_2026-07-31/cover/cover_key_art_background_1920x1080.webp,07月统一候选 / 封面 / PV,1331384,e80cc9054641c11ebbc7b3b63facc64beead21eabcc7a06981b02d6eef7d00d5,True,True,True,working-tree,,,legacy_vue/scripts/build_unified_image2_candidates.mjs,legacy_vue/scripts/build_unified_image2_candidates.mjs,1920,1080,0d5aa1cc237498f059a20507dd7ba3b4451e65e70dcf36090b8f75bfc5c59134,,HOLD,原稿/营销/复现依赖/其他文档，保留或人工进一步确认,见缩略图与历史审查；未引用或同用途不等于质量不合格
ART-150,legacy_vue/public/assets/images/unified_image2_2026-07-31/cover/cover_key_art_background_image2_raw.png,07月统一候选 / 封面 / PV,2304005,27f41963cc699f92da2401c4720cb415823e2b9e938f5701c68cae947afdbcef,True,True,True,working-tree,,,legacy_vue/scripts/build_unified_image2_candidates.mjs,legacy_vue/scripts/build_unified_image2_candidates.mjs,1672,941,155bf9a5ff6f1a5c8e06d1b8e32a1a4c149573fe8a46d5baeafe31af8c0a1900,,HOLD,原稿/营销/复现依赖/其他文档，保留或人工进一步确认,见缩略图与历史审查；未引用或同用途不等于质量不合格
ART-151,legacy_vue/public/assets/images/unified_image2_2026-07-31/cover/cover_key_art_title_1920x1080.png,07月统一候选 / 封面 / PV,2753823,66eeb1cb0e23e52ac02fbb4b81ffd5c6561a214ed6190c55bb81e273160060f9,True,True,True,working-tree,,,legacy_vue/scripts/build_unified_image2_candidates.mjs,legacy_vue/scripts/build_unified_image2_candidates.mjs,1920,1080,f9e10d2cafd94c2f1a004265bccb2bc7d9ceddeef3bb6adb6277112623c9172b,,HOLD,原稿/营销/复现依赖/其他文档，保留或人工进一步确认,见缩略图与历史审查；未引用或同用途不等于质量不合格
ART-152,legacy_vue/public/assets/images/unified_image2_2026-07-31/cover/cover_key_art_title_1920x1080.webp,07月统一候选 / 封面 / PV,1367300,7814ee4b046310c9332d76d9e34f1fdd01de35253055f6f0c082e8849e969c51,True,True,True,working-tree,,,legacy_vue/scripts/build_unified_image2_candidates.mjs,legacy_vue/scripts/build_unified_image2_candidates.mjs,1920,1080,1747eb6c27f06e74e556d6a56afa037cfec52bab6f32bad8c18539ca90baa793,,HOLD,原稿/营销/复现依赖/其他文档，保留或人工进一步确认,见缩略图与历史审查；未引用或同用途不等于质量不合格
ART-153,legacy_vue/public/assets/images/unified_image2_2026-07-31/game_cg/emotion/emotion_curiosity_1600.webp,07月统一游戏CG,1100362,e0cc06000f744ded6daad2a2634cc90956b5588d45d79ed28b293a6ced6df743,True,True,True,working-tree,legacy_vue/src/domain/gameContract.ts:237,legacy_vue/src/domain/gameContract.ts:224,,,1600,900,17d113567f0e172cf562858a7ec55fcea00b01dd1f3fbc03450c21444dfef423,,KEEP,至少一个版本仍在引用；不进入删除候选,统一母版保留；数媒设定已改为大学生/手机，旧相机等道具需另行局部复核，不能直接删除活跃图
ART-154,legacy_vue/public/assets/images/unified_image2_2026-07-31/game_cg/emotion/emotion_curiosity_900.webp,07月统一游戏CG,375788,57ee3669ab8adbb71995c6d3ca848ce42abfa5eb6b375a31ec698c113cafc0e7,True,True,True,working-tree,legacy_vue/src/domain/gameContract.ts:238,legacy_vue/src/domain/gameContract.ts:225,,,900,506,ce48bbfa3d248b13f9e6a321367d062097669797d91bf839271c6bb7b79ad3cc,,KEEP,至少一个版本仍在引用；不进入删除候选,统一母版保留；数媒设定已改为大学生/手机，旧相机等道具需另行局部复核，不能直接删除活跃图
ART-155,legacy_vue/public/assets/images/unified_image2_2026-07-31/game_cg/emotion/emotion_curiosity_image2_raw.png,07月统一游戏CG,2394614,e2e6e3c43b612f41da930920e2d90d9ba0793d6fa9e04054c67affd5f75fd0aa,True,True,True,working-tree,,,legacy_vue/scripts/build_unified_image2_candidates.mjs,legacy_vue/scripts/build_unified_image2_candidates.mjs,1672,941,d801e8cc93ef6a7b71565e25c82802b37001f77b18fe5b98222c93f05f1f0bf3,,HOLD,原稿/营销/复现依赖/其他文档，保留或人工进一步确认,统一母版保留；数媒设定已改为大学生/手机，旧相机等道具需另行局部复核，不能直接删除活跃图
ART-156,legacy_vue/public/assets/images/unified_image2_2026-07-31/game_cg/emotion/emotion_soft_1600.webp,07月统一游戏CG,1102240,5d7ed380eb4766e5bdca2a24ad576b912bdfa6cf4e275864c5ef2b29f66dceac,True,True,True,working-tree,legacy_vue/src/domain/gameContract.ts:230,legacy_vue/src/domain/gameContract.ts:217,,,1600,900,a96d70d6b281a8210a3f6a5a92d8cf485038e199265ffdc693dd6577477ac68a,,KEEP,至少一个版本仍在引用；不进入删除候选,统一母版保留；数媒设定已改为大学生/手机，旧相机等道具需另行局部复核，不能直接删除活跃图
ART-157,legacy_vue/public/assets/images/unified_image2_2026-07-31/game_cg/emotion/emotion_soft_900.webp,07月统一游戏CG,372720,7926fa9718e1693323b593b69d34c5a3ab88fb2aceddaa915e638ceb44584601,True,True,True,working-tree,legacy_vue/src/domain/gameContract.ts:231,legacy_vue/src/domain/gameContract.ts:218,,,900,506,29d87b373559794a88e7bdd36dcf4f21df3f935f36c899481875c1d53bc24527,,KEEP,至少一个版本仍在引用；不进入删除候选,统一母版保留；数媒设定已改为大学生/手机，旧相机等道具需另行局部复核，不能直接删除活跃图
ART-158,legacy_vue/public/assets/images/unified_image2_2026-07-31/game_cg/emotion/emotion_soft_image2_raw.png,07月统一游戏CG,2373408,f6a6013c15863a8124fc7d0683476c3431d804c1d625a5b7c8a8ebb40bf7205d,True,True,True,working-tree,,,legacy_vue/scripts/build_unified_image2_candidates.mjs,legacy_vue/scripts/build_unified_image2_candidates.mjs,1672,941,5f6ab4703cac8bbe60a992962c42b8f37f45fe0d1e01186603b8ee411eb0e989,,HOLD,原稿/营销/复现依赖/其他文档，保留或人工进一步确认,统一母版保留；数媒设定已改为大学生/手机，旧相机等道具需另行局部复核，不能直接删除活跃图
ART-159,legacy_vue/public/assets/images/unified_image2_2026-07-31/game_cg/emotion/emotion_sting_1600.webp,07月统一游戏CG,1129094,498c5568b85ec777f54d3309802e1b67b628d522a1abffc429f12f6af9f05498,True,True,True,working-tree,legacy_vue/src/domain/gameContract.ts:216,legacy_vue/src/domain/gameContract.ts:203,,,1600,900,2a014437698c3b0ad74a756fee715d387d76518da4cddc5e9e25aeed138d929c,,KEEP,至少一个版本仍在引用；不进入删除候选,统一母版保留；数媒设定已改为大学生/手机，旧相机等道具需另行局部复核，不能直接删除活跃图
ART-160,legacy_vue/public/assets/images/unified_image2_2026-07-31/game_cg/emotion/emotion_sting_900.webp,07月统一游戏CG,404332,69b7612cab3a88eded6aff7f82ec9b19f964e09d052d5d489fae20e8c8322389,True,True,True,working-tree,legacy_vue/src/domain/gameContract.ts:217,legacy_vue/src/domain/gameContract.ts:204,,,900,506,2e62a0052c4974cc600e9ad948edd837e084402aa5e76ad30954b1a32c80829c,,KEEP,至少一个版本仍在引用；不进入删除候选,统一母版保留；数媒设定已改为大学生/手机，旧相机等道具需另行局部复核，不能直接删除活跃图
ART-161,legacy_vue/public/assets/images/unified_image2_2026-07-31/game_cg/emotion/emotion_sting_image2_raw.png,07月统一游戏CG,2486747,1302fe5105d16c3fdec2652a59aa54a200c4c27c83e2bc8e4f6f4d0942eea83d,True,True,True,working-tree,,,legacy_vue/scripts/build_unified_image2_candidates.mjs,legacy_vue/scripts/build_unified_image2_candidates.mjs,1672,941,3b19069446840606ed89f66eeac692772110dfde2074d7809b1454f957a5581b,,HOLD,原稿/营销/复现依赖/其他文档，保留或人工进一步确认,统一母版保留；数媒设定已改为大学生/手机，旧相机等道具需另行局部复核，不能直接删除活跃图
ART-162,legacy_vue/public/assets/images/unified_image2_2026-07-31/game_cg/emotion/emotion_surprise_1600.webp,07月统一游戏CG,1096492,1efdeed727603e2396e7fef86341e0023c0c6857b6452f300365ff271dc94cc5,True,True,True,working-tree,legacy_vue/src/domain/gameContract.ts:223,legacy_vue/src/domain/gameContract.ts:210,,,1600,900,10ef661d53cc24a5fa5a259ca4751792fb2bbc7c0a889a31f656ea063db9a9c6,,KEEP,至少一个版本仍在引用；不进入删除候选,统一母版保留；数媒设定已改为大学生/手机，旧相机等道具需另行局部复核，不能直接删除活跃图
ART-163,legacy_vue/public/assets/images/unified_image2_2026-07-31/game_cg/emotion/emotion_surprise_900.webp,07月统一游戏CG,370078,718feeb7d06ceee7583b869593e80eab996ffa8c7755abfb6e8bf48304b35c77,True,True,True,working-tree,legacy_vue/src/domain/gameContract.ts:224,legacy_vue/src/domain/gameContract.ts:211,,,900,506,162bdd400eeea3194818ffceaed250a0d7af8cd93c1cc87221855b3d70b0ff2a,,KEEP,至少一个版本仍在引用；不进入删除候选,统一母版保留；数媒设定已改为大学生/手机，旧相机等道具需另行局部复核，不能直接删除活跃图
ART-164,legacy_vue/public/assets/images/unified_image2_2026-07-31/game_cg/emotion/emotion_surprise_image2_raw.png,07月统一游戏CG,2378524,28fe78176485b93033e18731ef266153cfa0033995ccc60a215aaea1eabdc729,True,True,True,working-tree,,,legacy_vue/scripts/build_unified_image2_candidates.mjs,legacy_vue/scripts/build_unified_image2_candidates.mjs,1672,941,13845a006390d15fdc4faca6650cf2343f2dfbe27787b0fcf857a2fd34f257b5,,HOLD,原稿/营销/复现依赖/其他文档，保留或人工进一步确认,统一母版保留；数媒设定已改为大学生/手机，旧相机等道具需另行局部复核，不能直接删除活跃图
ART-165,legacy_vue/public/assets/images/unified_image2_2026-07-31/game_cg/ending/death_01_1600.webp,07月统一游戏CG,1112712,6b97f92a31943ed0d0afe569fe5c7451597b61b7cae5eaade4cfda1e06a4b168,True,True,True,working-tree,legacy_vue/src/domain/gameContract.ts:71,,,,1600,900,4b1a532c0712e7145525823f2f6163bb68b42457c278126e349336e73f4405d1,,KEEP,至少一个版本仍在引用；不进入删除候选,见缩略图与历史审查；未引用或同用途不等于质量不合格
ART-166,legacy_vue/public/assets/images/unified_image2_2026-07-31/game_cg/ending/death_01_900.webp,07月统一游戏CG,378306,9b2efd921b884ef6e75cb175ff57201c26aa2392732c3fd98d7c3e76efba7cce,True,True,True,working-tree,legacy_vue/src/domain/gameContract.ts:72,,,,900,506,5b0545bc49397cd5cc9aeec7ec3548b325c5e9707a649cbad8674b76e0676d15,,KEEP,至少一个版本仍在引用；不进入删除候选,见缩略图与历史审查；未引用或同用途不等于质量不合格
ART-167,legacy_vue/public/assets/images/unified_image2_2026-07-31/game_cg/ending/death_01_camera_lowered_image2_raw.png,07月统一游戏CG,2323249,aa519d98c10ba14725a0ad8fdf86c79953a81a25d99221005ca78b22f438911b,True,True,True,working-tree,,,legacy_vue/scripts/build_unified_image2_candidates.mjs,legacy_vue/scripts/build_unified_image2_candidates.mjs,1672,941,0b58dcb0ef5aa22ccc58c6a2376a07ce3b7f5e8dcfe085ab1452d73f5acaa3e9,,HOLD,原稿/营销/复现依赖/其他文档，保留或人工进一步确认,见缩略图与历史审查；未引用或同用途不等于质量不合格
ART-168,legacy_vue/public/assets/images/unified_image2_2026-07-31/game_cg/ending/death_02_1600.webp,07月统一游戏CG,1054578,91a4bff85b7ec6498ed93eca3759452564168fdc8e0d0bf575d31f39442f2fc7,True,True,True,working-tree,legacy_vue/src/domain/gameContract.ts:79,,,,1600,900,45919d9bee9415db646be7b10794a98c5bc45646aac701e7eb94f4069a6b0642,,KEEP,至少一个版本仍在引用；不进入删除候选,见缩略图与历史审查；未引用或同用途不等于质量不合格
ART-169,legacy_vue/public/assets/images/unified_image2_2026-07-31/game_cg/ending/death_02_900.webp,07月统一游戏CG,357746,29e6b9bcdfa1d811d61dfd8f79603d0ae405ee88600326e00dfb21a01f604c5d,True,True,True,working-tree,legacy_vue/src/domain/gameContract.ts:80,,,,900,506,91fe8593e304c490951f1235ec4f7757cde2023ae87c6a072d071dd8ddd8ea8d,,KEEP,至少一个版本仍在引用；不进入删除候选,见缩略图与历史审查；未引用或同用途不等于质量不合格
ART-170,legacy_vue/public/assets/images/unified_image2_2026-07-31/game_cg/ending/death_02_camera_on_floor_image2_raw.png,07月统一游戏CG,2075603,e4041654209b3eefd56b34073085cc2527232fc856e54028570da3e934dc5a6b,True,True,True,working-tree,,,legacy_vue/scripts/build_unified_image2_candidates.mjs,legacy_vue/scripts/build_unified_image2_candidates.mjs,1672,941,ea6b5a1f7cea0603b575099ae698f9e3fcebdf628d62bb247efc9d58b259b175,,HOLD,原稿/营销/复现依赖/其他文档，保留或人工进一步确认,见缩略图与历史审查；未引用或同用途不等于质量不合格
ART-171,legacy_vue/public/assets/images/unified_image2_2026-07-31/game_cg/ending/death_03_1600.webp,07月统一游戏CG,1086478,8a2baf0a3607e4ea94acaad70222edad9f2405f0d2c31576b1ef2f8b7c871008,True,True,True,working-tree,legacy_vue/src/domain/gameContract.ts:85,,,,1600,900,b5a333cf68461c495571c32e95942f38063965231e5b5dfaa916df330582da70,,KEEP,至少一个版本仍在引用；不进入删除候选,见缩略图与历史审查；未引用或同用途不等于质量不合格
ART-172,legacy_vue/public/assets/images/unified_image2_2026-07-31/game_cg/ending/death_03_900.webp,07月统一游戏CG,367076,e799f53f71e5024d7e74d00a44e7594e527f70213dce6694aaf23ac2a4f8ad9f,True,True,True,working-tree,legacy_vue/src/domain/gameContract.ts:86,,,,900,506,bc6302e3ca1e3b8958a7ea9addceec3330dbf96e098ccdde67b7be9fe7c89741,,KEEP,至少一个版本仍在引用；不进入删除候选,见缩略图与历史审查；未引用或同用途不等于质量不合格
ART-173,legacy_vue/public/assets/images/unified_image2_2026-07-31/game_cg/ending/death_03_empty_low_image2_raw.png,07月统一游戏CG,2289574,3f55791410df102a6c0df81ad2c8ce862c9f9667bc8d973cfab7e346c7ba0694,True,True,True,working-tree,,,legacy_vue/scripts/build_unified_image2_candidates.mjs,legacy_vue/scripts/build_unified_image2_candidates.mjs,1672,941,5259cfeb2f4f6b4fecb8362c173bb8bc0156d0de5d9a0d88157b271b5162b576,,HOLD,原稿/营销/复现依赖/其他文档，保留或人工进一步确认,见缩略图与历史审查；未引用或同用途不等于质量不合格
ART-174,legacy_vue/public/assets/images/unified_image2_2026-07-31/game_cg/ending/death_04_1600.webp,07月统一游戏CG,1055330,390143ae44a3ff2c37d5c0de15ff65c0ee37cecf98bd6e92e09da7664a239b7c,True,True,True,working-tree,legacy_vue/src/domain/gameContract.ts:91,,,,1600,900,2ab20083f9ab33859f7700e177db338f4b7f8846ed683172a3eee3115d4c0a0a,,KEEP,至少一个版本仍在引用；不进入删除候选,见缩略图与历史审查；未引用或同用途不等于质量不合格
ART-175,legacy_vue/public/assets/images/unified_image2_2026-07-31/game_cg/ending/death_04_900.webp,07月统一游戏CG,354624,e7e5edd2d3808a43b0d3e5835fa96b162aac3617a73b5d8f756a54314c6a783e,True,True,True,working-tree,legacy_vue/src/domain/gameContract.ts:92,,,,900,506,41124f07ba92b9836396d1eb16842d173d26c95dda9cc8762e08c6fb24ac491a,,KEEP,至少一个版本仍在引用；不进入删除候选,见缩略图与历史审查；未引用或同用途不等于质量不合格
ART-176,legacy_vue/public/assets/images/unified_image2_2026-07-31/game_cg/ending/death_04_empty_wide_image2_raw.png,07月统一游戏CG,2182016,621cbcb8fd9abbb10f219b8e7cb52eae58eee0f4479e8c67836750855b27c108,True,True,True,working-tree,,,legacy_vue/scripts/build_unified_image2_candidates.mjs,legacy_vue/scripts/build_unified_image2_candidates.mjs,1672,941,ae8b43024194b6d7594f7d216ef3e28d5664d6bff45f2803ff91389cda54f513,,HOLD,原稿/营销/复现依赖/其他文档，保留或人工进一步确认,见缩略图与历史审查；未引用或同用途不等于质量不合格
ART-177,legacy_vue/public/assets/images/unified_image2_2026-07-31/game_cg/ending/death_05_1600.webp,07月统一游戏CG,1085212,8cd79a8731e09768534d7364efe50393809330d490e83ed127ce8331fb90f6cb,True,True,True,working-tree,legacy_vue/src/domain/gameContract.ts:97,,,,1600,900,2b5a58e6f81969a209b92902e80e2a092cddc631f9dedefd1948d04040cd87a5,,KEEP,至少一个版本仍在引用；不进入删除候选,见缩略图与历史审查；未引用或同用途不等于质量不合格
ART-178,legacy_vue/public/assets/images/unified_image2_2026-07-31/game_cg/ending/death_05_900.webp,07月统一游戏CG,368922,2d0a489625b0f2f9822e4612543865ab32e56f21a66afadd707b9a23dd28006c,True,True,True,working-tree,legacy_vue/src/domain/gameContract.ts:98,,,,900,506,cf1c0f0c2d387af45cdbdf44b447510cf97268b6cc79e1f887f0849d64cd58bd,,KEEP,至少一个版本仍在引用；不进入删除候选,见缩略图与历史审查；未引用或同用途不等于质量不合格
ART-179,legacy_vue/public/assets/images/unified_image2_2026-07-31/game_cg/ending/end_acquaintance_1600.webp,07月统一游戏CG,1090328,7045d7e9c06a0a8ad7984248fcaa1b14770a9c4efb13994de026d2340682b1a1,True,True,True,working-tree,legacy_vue/src/domain/gameContract.ts:267,,,,1600,900,a07e7d17b3912299a66edbd86c5c9e497d005fb870b2d78cc388fd8451fb1460,,KEEP,至少一个版本仍在引用；不进入删除候选,见缩略图与历史审查；未引用或同用途不等于质量不合格
ART-180,legacy_vue/public/assets/images/unified_image2_2026-07-31/game_cg/ending/end_acquaintance_900.webp,07月统一游戏CG,371300,4a593ba51aace81866a7a0c79c4993d5660cf3c181a803e7213a6990c5f7a32f,True,True,True,working-tree,legacy_vue/src/domain/gameContract.ts:268,,,,900,506,896f1068973b14325fd6a62f245218b1a8e2fc27241a04ef1c37abd3b176538e,,KEEP,至少一个版本仍在引用；不进入删除候选,见缩略图与历史审查；未引用或同用途不等于质量不合格
ART-181,legacy_vue/public/assets/images/unified_image2_2026-07-31/game_cg/ending/end_disappear_1600.webp,07月统一游戏CG,1083614,26b0e79e06c4491fde8d5ea63e891f9f87ef9fe6776fb4aab5144ca0979a71e1,True,True,True,working-tree,legacy_vue/src/domain/gameContract.ts:259,,,,1600,900,d39f40186b0639eb43f89d6581eb56e7fdae1a176f2daa6e22955ceac93d1ab8,,KEEP,至少一个版本仍在引用；不进入删除候选,见缩略图与历史审查；未引用或同用途不等于质量不合格
ART-182,legacy_vue/public/assets/images/unified_image2_2026-07-31/game_cg/ending/end_disappear_900.webp,07月统一游戏CG,367852,9d529e17e714f155b2695b1be0d2051e025e98b385d6eb597aac612475e4b287,True,True,True,working-tree,legacy_vue/src/domain/gameContract.ts:260,,,,900,506,4816ddf5a7de955a4c1fed19769e38f4ed8ca90e92cd82b1d4c3b346be06b125,,KEEP,至少一个版本仍在引用；不进入删除候选,见缩略图与历史审查；未引用或同用途不等于质量不合格
ART-183,legacy_vue/public/assets/images/unified_image2_2026-07-31/game_cg/opening/opening_01_1920.webp,07月统一游戏CG,1225748,df6200342b1026d5a1e2ba6d61a6e22a231f39b1a2f35b95c34c8256f4a23eb1,True,True,True,working-tree,legacy_vue/src/domain/gameContract.ts:41,legacy_vue/src/domain/gameContract.ts:64,legacy_vue/scripts/build_unified_image2_candidates.mjs,legacy_vue/scripts/build_unified_image2_candidates.mjs,1920,1080,9190b4924be25afa73053f13736ff53dbcd637d6e566a6caf92e242e88bae9f1,,KEEP,至少一个版本仍在引用；不进入删除候选,见缩略图与历史审查；未引用或同用途不等于质量不合格
ART-184,legacy_vue/public/assets/images/unified_image2_2026-07-31/game_cg/opening/opening_01_stair_door_image2_raw.png,07月统一游戏CG,1972120,e5c26781b3feac449f78607143fd957803b81589fac2208d9443fb2ad4545515,True,True,True,working-tree,,,legacy_vue/scripts/build_unified_image2_candidates.mjs,legacy_vue/scripts/build_unified_image2_candidates.mjs,1672,941,ece99212c01715dea85410ce35d940b0031c30b2d6dc59cd41937393f4ebbb30,,HOLD,原稿/营销/复现依赖/其他文档，保留或人工进一步确认,见缩略图与历史审查；未引用或同用途不等于质量不合格
ART-185,legacy_vue/public/assets/images/unified_image2_2026-07-31/game_cg/opening/opening_02_1920.webp,07月统一游戏CG,1251724,bcebb654ef58447c5edf131bdad42a68aeb48e9f0e40e6e57707b344aad21c23,True,True,True,working-tree,legacy_vue/src/domain/gameContract.ts:48,legacy_vue/src/domain/gameContract.ts:71,legacy_vue/scripts/build_unified_image2_candidates.mjs,legacy_vue/scripts/build_unified_image2_candidates.mjs,1920,1080,b85fc05f927953d02fa2ebd6c18d7fc7df48f7ec6b2f54530f9d757168b39482,,KEEP,至少一个版本仍在引用；不进入删除候选,见缩略图与历史审查；未引用或同用途不等于质量不合格
ART-186,legacy_vue/public/assets/images/unified_image2_2026-07-31/game_cg/opening/opening_02_door_ajar_image2_raw.png,07月统一游戏CG,1977393,52706f350a9d11f1b84f4af0e61b8cd43ce19a9cab5db29e91ce6ee57968660c,True,True,True,working-tree,,,legacy_vue/scripts/build_unified_image2_candidates.mjs,legacy_vue/scripts/build_unified_image2_candidates.mjs,1672,941,a888bfe5364afa9b9e8b40d8cb9dffe9f90d7033d1759b317c7f3d7dcb4a2946,,HOLD,原稿/营销/复现依赖/其他文档，保留或人工进一步确认,见缩略图与历史审查；未引用或同用途不等于质量不合格
ART-187,legacy_vue/public/assets/images/unified_image2_2026-07-31/game_cg/opening/opening_03_1920.webp,07月统一游戏CG,1359686,1ccd81b4696fb42f0e01bcb06e777ed839be6853ad639aaef187686fc7077930,True,True,True,working-tree,legacy_vue/src/domain/gameContract.ts:53,legacy_vue/src/domain/gameContract.ts:76,legacy_vue/scripts/build_unified_image2_candidates.mjs,legacy_vue/scripts/build_unified_image2_candidates.mjs,1920,1080,be759e9b3d7c47717a3ab404d83b883be562d4c7e2e8a5e10e21ea95c37b4165,,KEEP,至少一个版本仍在引用；不进入删除候选,见缩略图与历史审查；未引用或同用途不等于质量不合格
ART-188,legacy_vue/public/assets/images/unified_image2_2026-07-31/game_cg/opening/opening_03_rooftop_entry_image2_raw.png,07月统一游戏CG,2355805,5b9c4df5b53dbb3ba9ac6fce8b4dc4d01d2eb835d136bd23ce7c22dcee035d06,True,True,True,working-tree,,,legacy_vue/scripts/build_unified_image2_candidates.mjs,legacy_vue/scripts/build_unified_image2_candidates.mjs,1672,941,c3a75c6e1a043877356e0e6ae0e30c6be868093e285d53470f13f2e815ce3585,,HOLD,原稿/营销/复现依赖/其他文档，保留或人工进一步确认,见缩略图与历史审查；未引用或同用途不等于质量不合格
ART-189,legacy_vue/public/assets/images/unified_image2_2026-07-31/game_cg/opening/opening_04_1920.webp,07月统一游戏CG,1353720,d3089466a933311728462ec751ca855893019efe2c4501e9a30c7f656af2c1f3,True,True,True,working-tree,legacy_vue/src/domain/gameContract.ts:58,legacy_vue/src/domain/gameContract.ts:81,legacy_vue/scripts/build_unified_image2_candidates.mjs,legacy_vue/scripts/build_unified_image2_candidates.mjs,1920,1080,fd3885382459ec24db43f52c64c3cee0b20a6e7450264ab30c4bd2ce7a11dc75,,KEEP,至少一个版本仍在引用；不进入删除候选,见缩略图与历史审查；未引用或同用途不等于质量不合格
ART-190,legacy_vue/public/assets/images/unified_image2_2026-07-31/game_cg/opening/opening_04_cautious_approach_image2_raw.png,07月统一游戏CG,2300880,ae2d3a520eb8a1702965db957c333736a3b5ec1d9e9a9ef85624ac565fc74804,True,True,True,working-tree,,,legacy_vue/scripts/build_unified_image2_candidates.mjs,legacy_vue/scripts/build_unified_image2_candidates.mjs,1672,941,ead18c071465e8fc0e6b2156a73f4ed365b6d9aa773273345791ced077a067f5,,HOLD,原稿/营销/复现依赖/其他文档，保留或人工进一步确认,见缩略图与历史审查；未引用或同用途不等于质量不合格
ART-191,legacy_vue/public/assets/images/unified_image2_2026-07-31/game_cg/opening/opening_05_1920.webp,07月统一游戏CG,1369034,70f30bc495e6ac20bc1fdad68d850b166863c042edebd3fba1bdc1845defbf3c,True,True,True,working-tree,legacy_vue/src/domain/gameContract.ts:63,legacy_vue/src/domain/gameContract.ts:86,legacy_vue/scripts/build_unified_image2_candidates.mjs,legacy_vue/scripts/build_unified_image2_candidates.mjs,1920,1080,bd5ca595d859a95f8cb1a920c765106104c9b88513dbdb9da126737c252372ae,,KEEP,至少一个版本仍在引用；不进入删除候选,统一母版保留；数媒设定已改为大学生/手机，旧相机等道具需另行局部复核，不能直接删除活跃图
ART-192,legacy_vue/public/assets/images/unified_image2_2026-07-31/game_cg/review_cinematics.png,07月统一游戏CG,2107242,7b8a2509b622fa9e2a10bd4b328ac6f458d543e6cc92b0dc58eab7886e4baaa0,True,True,True,working-tree,,,legacy_vue/scripts/build_unified_image2_candidates.mjs,legacy_vue/scripts/build_unified_image2_candidates.mjs,2020,971,d90b6df4b09b9dd7857cac3a36c1cfde4c39cd5994a20e1bc0de6a1aa8fb05ec,,D,审查拼图在public内重复发布；需调整拼图生成输出目录,见缩略图与历史审查；未引用或同用途不等于质量不合格
ART-193,legacy_vue/public/assets/images/unified_image2_2026-07-31/game_cg/review_gameplay_states.png,07月统一游戏CG,1624913,681e2d000c78f305d64d076d488e54883575774ff13b7c17b63b798215551593,True,True,True,working-tree,,,legacy_vue/scripts/build_unified_image2_candidates.mjs,legacy_vue/scripts/build_unified_image2_candidates.mjs,1520,971,581300761982d7cc6f6a45193955c36c7d1efc1120d0434df22e9249e28db850,,D,审查拼图在public内重复发布；需调整拼图生成输出目录,见缩略图与历史审查；未引用或同用途不等于质量不合格
ART-194,legacy_vue/public/assets/images/unified_image2_2026-07-31/game_cg/state/avatar_guarded_480.webp,07月统一游戏CG,200766,ff5173aa6ad665f3d735d599a6d3262985b06b090bf7b229f31ee36bd61dbd44,True,True,True,working-tree,legacy_vue/src/domain/gameContract.ts:139,legacy_vue/src/domain/gameContract.ts:128,legacy_vue/scripts/build_unified_image2_candidates.mjs,legacy_vue/scripts/build_unified_image2_candidates.mjs,480,480,ac949f5da788034f0c8ceaae1a3afefcb233c814ccc7f35487be62ad842374a3,,KEEP,至少一个版本仍在引用；不进入删除候选,统一母版保留；数媒设定已改为大学生/手机，旧相机等道具需另行局部复核，不能直接删除活跃图
ART-195,legacy_vue/public/assets/images/unified_image2_2026-07-31/game_cg/state/state_edge_1600.webp,07月统一游戏CG,1075474,34062b0154973ca6403c7b5c6a4a3fcf86c0bd6005075b36f862c49fa9d340d8,True,True,True,working-tree,legacy_vue/src/domain/gameContract.ts:128,,,,1600,900,3f654fefe4df85c5d6f2a1692f0d54cbf0bbab2e9aefc2151397259b5468ea1a,,KEEP,至少一个版本仍在引用；不进入删除候选,统一母版保留；数媒设定已改为大学生/手机，旧相机等道具需另行局部复核，不能直接删除活跃图
ART-196,legacy_vue/public/assets/images/unified_image2_2026-07-31/game_cg/state/state_edge_900.webp,07月统一游戏CG,362544,1c66584394f284fed2a298755bdb4dccb9d132c00d24ed0a6ff3f9707f2b1f1f,True,True,True,working-tree,legacy_vue/src/domain/gameContract.ts:136,,,,900,506,1c6a7ccc1b2cf71d21bb7b4aacb3fd57a4f9fd0c3831ea9ed7d66a7b9b91d3b2,,KEEP,至少一个版本仍在引用；不进入删除候选,统一母版保留；数媒设定已改为大学生/手机，旧相机等道具需另行局部复核，不能直接删除活跃图
ART-197,legacy_vue/public/assets/images/unified_image2_2026-07-31/game_cg/state/state_guarded_1600.webp,07月统一游戏CG,1120034,ec5abb69835fefcac0ed243d30776f744fccc578f85103ac1b77dfbe9b0b4a51,True,True,True,working-tree,legacy_vue/src/domain/gameContract.ts:125,legacy_vue/src/domain/gameContract.ts:113; legacy_vue/src/domain/gameContract.ts:114,,,1600,900,5e34bc802660aefbe9f463b5ae00cadc116669ec6113bbac5df6e46c0f01d000,,KEEP,至少一个版本仍在引用；不进入删除候选,统一母版保留；数媒设定已改为大学生/手机，旧相机等道具需另行局部复核，不能直接删除活跃图
ART-198,legacy_vue/public/assets/images/unified_image2_2026-07-31/game_cg/state/state_guarded_900.webp,07月统一游戏CG,399272,ff568219bc6802e178100f633e0147ef22f14465287af3417d1d70b8ee95ee27,True,True,True,working-tree,legacy_vue/src/domain/gameContract.ts:133,legacy_vue/src/domain/gameContract.ts:121; legacy_vue/src/domain/gameContract.ts:122,,,900,506,e1db47c9d5f066d12b3b9820bb67df1370149c008c7bb0d6a22a4e7e185bd12f,,KEEP,至少一个版本仍在引用；不进入删除候选,统一母版保留；数媒设定已改为大学生/手机，旧相机等道具需另行局部复核，不能直接删除活跃图
ART-199,legacy_vue/public/assets/images/unified_image2_2026-07-31/game_cg/state/state_guarded_normal_image2_raw.png,07月统一游戏CG,2438589,5158fcdcff6d3804bcc6591417663c5cb882cb7114fbd7cc2c324871625baf02,True,True,True,working-tree,,,legacy_vue/scripts/build_unified_image2_candidates.mjs,legacy_vue/scripts/build_unified_image2_candidates.mjs,1672,941,949a6f669d802cc08ab86486f60e60b8f6371850168d66214070b8c20c8ef1ff,,HOLD,原稿/营销/复现依赖/其他文档，保留或人工进一步确认,统一母版保留；数媒设定已改为大学生/手机，旧相机等道具需另行局部复核，不能直接删除活跃图
ART-200,legacy_vue/public/assets/images/unified_image2_2026-07-31/game_cg/state/state_smoke_1600.webp,07月统一游戏CG,1121678,6dbcaada7d3a195a9c6b7880830085e1f70e6d5775e5ac70c124eb163eb87d56,True,True,True,working-tree,legacy_vue/src/domain/gameContract.ts:124,,,,1600,900,348617d6f7168f674baaf87e2659d2afa5a218c18754dcd7f7a02ca83a13bd98,,KEEP,至少一个版本仍在引用；不进入删除候选,统一母版保留；数媒设定已改为大学生/手机，旧相机等道具需另行局部复核，不能直接删除活跃图
ART-201,legacy_vue/public/assets/images/unified_image2_2026-07-31/game_cg/state/state_smoke_900.webp,07月统一游戏CG,379748,1368330c951bce2a05d5c4c5c95d2228b7833521f7bb8d90e2b72dfbdaec00eb,True,True,True,working-tree,legacy_vue/src/domain/gameContract.ts:132,,,,900,506,32651104c9dd087bcd95b4dccd0dbfcab971e3543d5e5eb415aa44c0ec9a1773,,KEEP,至少一个版本仍在引用；不进入删除候选,统一母版保留；数媒设定已改为大学生/手机，旧相机等道具需另行局部复核，不能直接删除活跃图
ART-202,legacy_vue/public/assets/images/unified_image2_2026-07-31/game_cg/state/state_smoke_image2_raw.png,07月统一游戏CG,2437162,315e0d4ce7cc3b02afe7d2485d4cf4ff1bc8addb19cdc06ed411190f6e812b47,True,True,True,working-tree,,,legacy_vue/scripts/build_unified_image2_candidates.mjs,legacy_vue/scripts/build_unified_image2_candidates.mjs,1672,941,b2a3e1e6ae3d3e8ee9f174dc2edc7faf651c4a266c73dabb5cf2a549f24eb1e3,,HOLD,原稿/营销/复现依赖/其他文档，保留或人工进一步确认,统一母版保留；数媒设定已改为大学生/手机，旧相机等道具需另行局部复核，不能直接删除活跃图
ART-203,legacy_vue/public/assets/images/unified_image2_2026-07-31/game_cg/state/state_turn_back_1600.webp,07月统一游戏CG,1071690,7bbd5b99972f33fbc1301ef0a8b17873d33e628983812107f4116e6e09636d8f,True,True,True,working-tree,legacy_vue/src/domain/gameContract.ts:127,legacy_vue/src/domain/gameContract.ts:117,,,1600,900,f54146531ec4b3b22b0b103af0150973fc6d8e5583c67cea4b5e5995822142cb,,KEEP,至少一个版本仍在引用；不进入删除候选,统一母版保留；数媒设定已改为大学生/手机，旧相机等道具需另行局部复核，不能直接删除活跃图
ART-204,legacy_vue/public/assets/images/unified_image2_2026-07-31/game_cg/state/state_turn_back_900.webp,07月统一游戏CG,359410,b8ab48e121ca91f60e60a8b2d8c15d85c3cc2679eba675c6850e6707fb1e4030,True,True,True,working-tree,legacy_vue/src/domain/gameContract.ts:135,legacy_vue/src/domain/gameContract.ts:125,,,900,506,adf056966ef7c5c35779a7f1ae0468c1859c3bf0236557096de1754c0a7072ae,,KEEP,至少一个版本仍在引用；不进入删除候选,统一母版保留；数媒设定已改为大学生/手机，旧相机等道具需另行局部复核，不能直接删除活跃图
ART-205,legacy_vue/public/assets/images/unified_image2_2026-07-31/game_cg/state/state_wavering_1600.webp,07月统一游戏CG,1104358,42642e046ef7edb070ec714a5c279a28004f11b7d6de1e1ef21d432a8bc2a7c5,True,True,True,working-tree,legacy_vue/src/domain/gameContract.ts:126,legacy_vue/src/domain/gameContract.ts:115,,,1600,900,5dd35ced964d2ddd424d5219d3b7dc6e1608f7a04e387e9981d4bc4b8a76aea9,,KEEP,至少一个版本仍在引用；不进入删除候选,统一母版保留；数媒设定已改为大学生/手机，旧相机等道具需另行局部复核，不能直接删除活跃图
ART-206,legacy_vue/public/assets/images/unified_image2_2026-07-31/game_cg/state/state_wavering_900.webp,07月统一游戏CG,371912,a9fb35a9cc96f84112d0ef447b5b2b4895c12f225621895ef7bc416bf8851b2e,True,True,True,working-tree,legacy_vue/src/domain/gameContract.ts:134,legacy_vue/src/domain/gameContract.ts:123,,,900,506,33fcc49ec93f55117f83238f53d892532f26edf91079027dec614f1d33432dc6,,KEEP,至少一个版本仍在引用；不进入删除候选,统一母版保留；数媒设定已改为大学生/手机，旧相机等道具需另行局部复核，不能直接删除活跃图
ART-207,legacy_vue/public/assets/images/unified_image2_2026-07-31/game_cg/state/state_wavering_image2_raw.png,07月统一游戏CG,2387111,90b468d09c4f403c55bdb674b6b306f302f1a2d6d126ac71ed588e2b8ee3bfe1,True,True,True,working-tree,,,legacy_vue/scripts/build_unified_image2_candidates.mjs,legacy_vue/scripts/build_unified_image2_candidates.mjs,1672,941,9540ee064d9af922fb5350d354cb25ff4e1d1244f21bc6914f6e62d0ea23b43b,,HOLD,原稿/营销/复现依赖/其他文档，保留或人工进一步确认,统一母版保留；数媒设定已改为大学生/手机，旧相机等道具需另行局部复核，不能直接删除活跃图
ART-208,legacy_vue/public/assets/images/unified_image2_2026-07-31/pv/pv_01_opening_doorway_1920x1080.webp,07月统一候选 / 封面 / PV,1259254,91c25c2463ec84d22981f9fa9684a31609bde3fa20d98bf37131b08009cbfa8c,True,True,True,working-tree,,,legacy_vue/scripts/build_unified_image2_candidates.mjs,legacy_vue/scripts/build_unified_image2_candidates.mjs,1920,1080,e5cf56237381c8ef3bd1458dc5f345ea9c68cc226d6d8ad075fbd590e3aa24fa,,HOLD,原稿/营销/复现依赖/其他文档，保留或人工进一步确认,见缩略图与历史审查；未引用或同用途不等于质量不合格
ART-209,legacy_vue/public/assets/images/unified_image2_2026-07-31/pv/pv_01_opening_doorway_image2_raw.png,07月统一候选 / 封面 / PV,2126036,8cfcc59ac94b931ac3b238939e84ad8b2dfc37ff52d5c8d1ceb37ccaeec20cf7,True,True,True,working-tree,,,legacy_vue/scripts/build_unified_image2_candidates.mjs,legacy_vue/scripts/build_unified_image2_candidates.mjs,1672,941,852112c7894a634c335ceea1bf1f9643399e91d62a676bec8a60261bfe5c4f82,,HOLD,原稿/营销/复现依赖/其他文档，保留或人工进一步确认,见缩略图与历史审查；未引用或同用途不等于质量不合格
ART-210,legacy_vue/public/assets/images/unified_image2_2026-07-31/pv/pv_02_guarded_listening_1920x1080.webp,07月统一候选 / 封面 / PV,1345378,25c3c028104ee5bbb58b0dec007f851f69bc8c038fb1e1834400c3abfb05f361,True,True,True,working-tree,,,legacy_vue/scripts/build_unified_image2_candidates.mjs,legacy_vue/scripts/build_unified_image2_candidates.mjs,1920,1080,b8fb37d8161a588bc31c4e4e7d6027fe6f963b6c13a193427fcea56715cacd2e,,HOLD,原稿/营销/复现依赖/其他文档，保留或人工进一步确认,见缩略图与历史审查；未引用或同用途不等于质量不合格
ART-211,legacy_vue/public/assets/images/unified_image2_2026-07-31/pv/pv_02_guarded_listening_image2_raw.png,07月统一候选 / 封面 / PV,2361631,3d948848de1435bac7938ea58b852722a2064f09ec08da0a6a4c0d1249603e05,True,True,True,working-tree,,,legacy_vue/scripts/build_unified_image2_candidates.mjs,legacy_vue/scripts/build_unified_image2_candidates.mjs,1672,941,85f8b60b6204d4cc999f60052dc3f6692b623867b9f92cdbb97a635459eec8e8,,HOLD,原稿/营销/复现依赖/其他文档，保留或人工进一步确认,见缩略图与历史审查；未引用或同用途不等于质量不合格
ART-212,legacy_vue/public/assets/images/unified_image2_2026-07-31/pv/pv_03_turn_back_1920x1080.webp,07月统一候选 / 封面 / PV,1328232,c0d2962cc4be176f442e4fb6e967b6aef959fb3687662e108501d972586bf559,True,True,True,working-tree,,,legacy_vue/scripts/build_unified_image2_candidates.mjs,legacy_vue/scripts/build_unified_image2_candidates.mjs,1920,1080,ee7c4d11093749e13e990250cd3e3d8814378bc836247789792ac50860d9ac4f,,HOLD,原稿/营销/复现依赖/其他文档，保留或人工进一步确认,见缩略图与历史审查；未引用或同用途不等于质量不合格
ART-213,legacy_vue/public/assets/images/unified_image2_2026-07-31/pv/pv_03_turn_back_image2_raw.png,07月统一候选 / 封面 / PV,2298919,0524cb11d3ad8ab4bbd800b7a4bad0e0d71987dadf3ef8cda69f7e484d830e2b,True,True,True,working-tree,,,legacy_vue/scripts/build_unified_image2_candidates.mjs,legacy_vue/scripts/build_unified_image2_candidates.mjs,1672,941,b640273e53826e410db0ec217b909e16e42bd3e9313c67e9e2fb9f6412a84086,,HOLD,原稿/营销/复现依赖/其他文档，保留或人工进一步确认,见缩略图与历史审查；未引用或同用途不等于质量不合格
ART-214,legacy_vue/public/assets/images/unified_image2_2026-07-31/review_contact_sheet.png,07月统一候选 / 封面 / PV,2563645,bea6ab18891e200d14e41b970afb75b511b3380f396570cc519896019ad28674,True,True,True,working-tree,,,legacy_vue/scripts/build_unified_image2_candidates.mjs,legacy_vue/scripts/build_unified_image2_candidates.mjs,1896,1185,003f85339bf0bd84ee94fa46b979486662ad357e58c1cc14cbc39f334f1a008d,,D,审查拼图在public内重复发布；需调整拼图生成输出目录,见缩略图与历史审查；未引用或同用途不等于质量不合格
ART-215,legacy_vue/public/assets/images/vfx_flame_sprite.webp,菜单 / 背景 / UI / 特效,20632,85fd2a57e57b12b378571eb4639c86bf70b71d99a09c935f7250117718c10dd3,True,True,True,working-tree,,,legacy_vue/scripts/generate_assets.mjs,legacy_vue/scripts/generate_assets.mjs,512,512,791e729fb7c8e0895d50b351e2563d39a1056d8d2f9f0af2f5c91eaaf8ecd38a,,E,旧占位UI/特效/背景，未发现两分支运行引用；逐项审批,见缩略图与历史审查；未引用或同用途不等于质量不合格
ART-216,legacy_vue/public/assets/images/vfx_rain_sprite.webp,菜单 / 背景 / UI / 特效,15448,bac8eb52ecd615bc9682ab464ff68e386a430178298d0c9a2acb76c99441827c,True,True,True,working-tree,legacy_vue/src/views/StartView.vue:295,legacy_vue/src/views/StartView.vue:271,legacy_vue/scripts/generate_assets.mjs,legacy_vue/scripts/generate_assets.mjs,512,512,1b59ccc741bf7643facad6510337b2668ba558b21916d953dfda8df95608f852,,KEEP,至少一个版本仍在引用；不进入删除候选,见缩略图与历史审查；未引用或同用途不等于质量不合格
ART-217,legacy_vue/public/assets/images/vfx_snow_sprite.webp,菜单 / 背景 / UI / 特效,3884,a3b3a92722727077c646996d3d149e40af15d02a9ada2076ee75f2560220dd0c,True,True,True,working-tree,,,legacy_vue/scripts/generate_assets.mjs,legacy_vue/scripts/generate_assets.mjs,512,512,5620c7594bc035e04fba2e42f2721c1ee50049dba810398dc88bb3bdf1bba66c,,E,旧占位UI/特效/背景，未发现两分支运行引用；逐项审批,见缩略图与历史审查；未引用或同用途不等于质量不合格
ART-218,legacy_vue/public/favicon.svg,文档预览 / 截图 / 其他图形,9522,61bc9a161de58248288e6905425d7180f0624c2865007b97d763fdac12043a66,True,True,True,working-tree,,,,,,,,,HOLD,原稿/营销/复现依赖/其他文档，保留或人工进一步确认,见缩略图与历史审查；未引用或同用途不等于质量不合格
ART-219,legacy_vue/public/icons.svg,文档预览 / 截图 / 其他图形,5031,b45fa506195cfcdef406ba9f0c77b36ddc1a7c224040926ec70abc2fdea7b93a,True,True,True,working-tree,,,,,,,,,HOLD,原稿/营销/复现依赖/其他文档，保留或人工进一步确认,见缩略图与历史审查；未引用或同用途不等于质量不合格
ART-220,legacy_vue/src/assets/vite.svg,文档预览 / 截图 / 其他图形,8709,5be21acd42eb7b896e517f4e0f0f11eb5c5d9e54fbbcebe9453f033008fcca6f,True,True,True,working-tree,,,,,,,,,HOLD,原稿/营销/复现依赖/其他文档，保留或人工进一步确认,见缩略图与历史审查；未引用或同用途不等于质量不合格
