id,old_path,new_path,relationship
ART-041,legacy_vue/public/assets/images/cg_acquaintance_16_9.webp,legacy_vue/public/assets/images/unified_image2_2026-07-31/game_cg/ending/end_acquaintance_1600.webp,横屏已重新制作；旧竖屏是占位；数媒版取消该结局
ART-042,legacy_vue/public/assets/images/cg_acquaintance_9_16.webp,legacy_vue/public/assets/images/unified_image2_2026-07-31/game_cg/ending/end_acquaintance_1600.webp,横屏已重新制作；旧竖屏是占位；数媒版取消该结局
ART-043,legacy_vue/public/assets/images/cg_death_falling_16_9.webp,legacy_vue/public/assets/images/unified_image2_2026-07-31/game_cg/ending/death_05_1600.webp,master已有统一结局；数媒版取消；旧不同格式可能不是同画面
ART-044,legacy_vue/public/assets/images/cg_death_falling_9_16.webp,legacy_vue/public/assets/images/unified_image2_2026-07-31/game_cg/ending/death_05_1600.webp,master已有统一结局；数媒版取消；旧不同格式可能不是同画面
ART-045,legacy_vue/public/assets/images/cg_emotion_curiosity_16_9.webp,legacy_vue/public/assets/images/unified_image2_2026-07-31/game_cg/emotion/emotion_curiosity_1600.webp,同表情用途，旧版人物/烟雾与新版不同
ART-046,legacy_vue/public/assets/images/cg_emotion_soft_16_9.webp,legacy_vue/public/assets/images/unified_image2_2026-07-31/game_cg/emotion/emotion_soft_1600.webp,同表情用途，旧版人物/烟雾与新版不同
ART-047,legacy_vue/public/assets/images/cg_emotion_sting_16_9.webp,legacy_vue/public/assets/images/unified_image2_2026-07-31/game_cg/emotion/emotion_sting_1600.webp,同表情用途，旧版人物/烟雾与新版不同
ART-048,legacy_vue/public/assets/images/cg_emotion_surprise_16_9.webp,legacy_vue/public/assets/images/unified_image2_2026-07-31/game_cg/emotion/emotion_surprise_1600.webp,同表情用途，旧版人物/烟雾与新版不同
ART-049,legacy_vue/public/assets/images/cg_end_disappear.png,legacy_vue/public/assets/images/unified_image2_2026-07-31/game_cg/ending/end_disappear_1600.webp,master已切换统一版，数媒版没有该结局
ART-050,legacy_vue/public/assets/images/cg_end_disappear_1600.webp,legacy_vue/public/assets/images/unified_image2_2026-07-31/game_cg/ending/end_disappear_1600.webp,master已切换统一版，数媒版没有该结局
ART-051,legacy_vue/public/assets/images/cg_end_disappear_900.webp,legacy_vue/public/assets/images/unified_image2_2026-07-31/game_cg/ending/end_disappear_1600.webp,master已切换统一版，数媒版没有该结局
ART-052,legacy_vue/public/assets/images/cg_end_fall.png,legacy_vue/public/assets/images/unified_image2_2026-07-31/game_cg/ending/death_05_1600.webp,master已有统一结局；数媒版取消；旧不同格式可能不是同画面
ART-053,legacy_vue/public/assets/images/cg_end_fall_1600.webp,legacy_vue/public/assets/images/unified_image2_2026-07-31/game_cg/ending/death_05_1600.webp,master已有统一结局；数媒版取消；旧不同格式可能不是同画面
ART-054,legacy_vue/public/assets/images/cg_end_fall_900.webp,legacy_vue/public/assets/images/unified_image2_2026-07-31/game_cg/ending/death_05_1600.webp,master已有统一结局；数媒版取消；旧不同格式可能不是同画面
ART-055,legacy_vue/public/assets/images/cg_end_fall_seq_01_1600.webp,legacy_vue/public/assets/images/unified_image2_2026-07-31/game_cg/ending/death_01_1600.webp,master改为象征性空镜序列；数媒版取消该结局
ART-056,legacy_vue/public/assets/images/cg_end_fall_seq_01_900.webp,legacy_vue/public/assets/images/unified_image2_2026-07-31/game_cg/ending/death_01_1600.webp,master改为象征性空镜序列；数媒版取消该结局
ART-057,legacy_vue/public/assets/images/cg_end_fall_seq_01_source.png,legacy_vue/public/assets/images/unified_image2_2026-07-31/game_cg/ending/death_01_1600.webp,master改为象征性空镜序列；数媒版取消该结局
ART-058,legacy_vue/public/assets/images/cg_end_fall_seq_02_1600.webp,legacy_vue/public/assets/images/unified_image2_2026-07-31/game_cg/ending/death_02_1600.webp,master改为象征性空镜序列；数媒版取消该结局
ART-059,legacy_vue/public/assets/images/cg_end_fall_seq_02_900.webp,legacy_vue/public/assets/images/unified_image2_2026-07-31/game_cg/ending/death_02_1600.webp,master改为象征性空镜序列；数媒版取消该结局
ART-060,legacy_vue/public/assets/images/cg_end_fall_seq_02_source.png,legacy_vue/public/assets/images/unified_image2_2026-07-31/game_cg/ending/death_02_1600.webp,master改为象征性空镜序列；数媒版取消该结局
ART-061,legacy_vue/public/assets/images/cg_end_fall_seq_03_1600.webp,legacy_vue/public/assets/images/unified_image2_2026-07-31/game_cg/ending/death_03_1600.webp,master改为象征性空镜序列；数媒版取消该结局
ART-062,legacy_vue/public/assets/images/cg_end_fall_seq_03_900.webp,legacy_vue/public/assets/images/unified_image2_2026-07-31/game_cg/ending/death_03_1600.webp,master改为象征性空镜序列；数媒版取消该结局
ART-063,legacy_vue/public/assets/images/cg_end_fall_seq_03_source.png,legacy_vue/public/assets/images/unified_image2_2026-07-31/game_cg/ending/death_03_1600.webp,master改为象征性空镜序列；数媒版取消该结局
ART-064,legacy_vue/public/assets/images/cg_end_fall_seq_04_1600.webp,legacy_vue/public/assets/images/unified_image2_2026-07-31/game_cg/ending/death_04_1600.webp,master改为象征性空镜序列；数媒版取消该结局
ART-065,legacy_vue/public/assets/images/cg_end_fall_seq_04_900.webp,legacy_vue/public/assets/images/unified_image2_2026-07-31/game_cg/ending/death_04_1600.webp,master改为象征性空镜序列；数媒版取消该结局
ART-066,legacy_vue/public/assets/images/cg_end_fall_seq_04_source.png,legacy_vue/public/assets/images/unified_image2_2026-07-31/game_cg/ending/death_04_1600.webp,master改为象征性空镜序列；数媒版取消该结局
ART-067,legacy_vue/public/assets/images/cg_end_fall_seq_05_1600.webp,legacy_vue/public/assets/images/unified_image2_2026-07-31/game_cg/ending/death_05_1600.webp,master改为象征性空镜序列；数媒版取消该结局
ART-068,legacy_vue/public/assets/images/cg_end_fall_seq_05_900.webp,legacy_vue/public/assets/images/unified_image2_2026-07-31/game_cg/ending/death_05_1600.webp,master改为象征性空镜序列；数媒版取消该结局
ART-069,legacy_vue/public/assets/images/cg_end_fall_seq_05_source.png,legacy_vue/public/assets/images/unified_image2_2026-07-31/game_cg/ending/death_05_1600.webp,master改为象征性空镜序列；数媒版取消该结局
ART-070,legacy_vue/public/assets/images/cg_end_fall_source_v2.png,legacy_vue/public/assets/images/unified_image2_2026-07-31/game_cg/ending/death_05_1600.webp,master已有统一结局；数媒版取消；旧不同格式可能不是同画面
ART-071,legacy_vue/public/assets/images/cg_opening_stair_01_16_9.webp,legacy_vue/public/assets/images/unified_image2_2026-07-31/game_cg/opening/opening_01_1920.webp,同用途重新制作，非完全重复
ART-072,legacy_vue/public/assets/images/cg_opening_stair_02_16_9.webp,legacy_vue/public/assets/images/unified_image2_2026-07-31/game_cg/opening/opening_02_1920.webp,同用途重新制作，非完全重复
ART-073,legacy_vue/public/assets/images/cg_opening_stair_03_16_9.webp,legacy_vue/public/assets/images/unified_image2_2026-07-31/game_cg/opening/opening_03_1920.webp,同用途重新制作，非完全重复
ART-074,legacy_vue/public/assets/images/cg_opening_stair_04_16_9.webp,legacy_vue/public/assets/images/unified_image2_2026-07-31/game_cg/opening/opening_04_1920.webp,同用途重新制作，非完全重复
ART-075,legacy_vue/public/assets/images/cg_opening_stair_05_16_9.webp,legacy_vue/public/assets/images/unified_image2_2026-07-31/game_cg/opening/opening_05_1920.webp,同用途重新制作，非完全重复
ART-076,legacy_vue/public/assets/images/cg_pressure_near_jump_16_9.webp,legacy_vue/public/assets/images/unified_image2_2026-07-31/game_cg/state/state_edge_1600.webp,master已切换；数媒版取消临界状态
ART-077,legacy_vue/public/assets/images/cg_pressure_turn_back_16_9.webp,legacy_vue/public/assets/images/unified_image2_2026-07-31/game_cg/state/state_turn_back_1600.webp,两分支使用新版；数媒版作离开状态
ART-078,legacy_vue/public/assets/images/cg_pressure_turn_back_source.png,legacy_vue/public/assets/images/unified_image2_2026-07-31/game_cg/state/state_turn_back_1600.webp,两分支使用新版；数媒版作离开状态
ART-079,legacy_vue/public/assets/images/char_girl_normal.png,legacy_vue/public/assets/images/unified_image2_2026-07-31/game_cg/state/state_guarded_1600.webp,旧normal与sad同规格文件完全重复
ART-080,legacy_vue/public/assets/images/char_girl_normal_1600.webp,legacy_vue/public/assets/images/unified_image2_2026-07-31/game_cg/state/state_guarded_1600.webp,旧normal与sad同规格文件完全重复
ART-081,legacy_vue/public/assets/images/char_girl_normal_900.webp,legacy_vue/public/assets/images/unified_image2_2026-07-31/game_cg/state/state_guarded_1600.webp,旧normal与sad同规格文件完全重复
ART-082,legacy_vue/public/assets/images/char_girl_sad.png,legacy_vue/public/assets/images/unified_image2_2026-07-31/game_cg/state/state_wavering_1600.webp,新版有独立动摇图；旧sad其实是normal复制
ART-083,legacy_vue/public/assets/images/char_girl_sad_1600.webp,legacy_vue/public/assets/images/unified_image2_2026-07-31/game_cg/state/state_wavering_1600.webp,新版有独立动摇图；旧sad其实是normal复制
ART-084,legacy_vue/public/assets/images/char_girl_sad_900.webp,legacy_vue/public/assets/images/unified_image2_2026-07-31/game_cg/state/state_wavering_1600.webp,新版有独立动摇图；旧sad其实是normal复制
ART-088,legacy_vue/public/assets/images/char_girl_sneer.png,legacy_vue/public/assets/images/unified_image2_2026-07-31/game_cg/state/avatar_guarded_480.webp,旧横屏缩略图替换为正方形头像；非相同画面
ART-089,legacy_vue/public/assets/images/char_girl_sneer_480.webp,legacy_vue/public/assets/images/unified_image2_2026-07-31/game_cg/state/avatar_guarded_480.webp,旧横屏缩略图替换为正方形头像；非相同画面
