left,right,dhash_distance,mean_rgb_error_0_255,verdict
legacy_vue/public/assets/images/bg_rainy_street_1920.webp,legacy_vue/public/assets/images/bg_rainy_street_750.webp,4,0.479,视觉近似候选；可能是合法原稿/规格派生，不能据此删除
legacy_vue/public/assets/images/bg_rooftop_night_1920.webp,legacy_vue/public/assets/images/bg_rooftop_night_750.webp,4,0.728,视觉近似候选；可能是合法原稿/规格派生，不能据此删除
legacy_vue/public/assets/images/cg_emotion_curiosity_16_9.webp,legacy_vue/public/assets/images/cg_emotion_soft_16_9.webp,1,2.285,视觉近似候选；可能是合法原稿/规格派生，不能据此删除
legacy_vue/public/assets/images/cg_emotion_curiosity_16_9.webp,legacy_vue/public/assets/images/cg_emotion_sting_16_9.webp,4,2.415,视觉近似候选；可能是合法原稿/规格派生，不能据此删除
legacy_vue/public/assets/images/cg_emotion_curiosity_16_9.webp,legacy_vue/public/assets/images/cg_emotion_surprise_16_9.webp,5,2.42,视觉近似候选；可能是合法原稿/规格派生，不能据此删除
legacy_vue/public/assets/images/cg_emotion_curiosity_16_9.webp,legacy_vue/public/assets/images/cg_pressure_near_jump_16_9.webp,5,5.687,视觉近似候选；可能是合法原稿/规格派生，不能据此删除
legacy_vue/public/assets/images/cg_emotion_curiosity_16_9.webp,legacy_vue/public/assets/images/char_girl_smoke.png,2,3.894,视觉近似候选；可能是合法原稿/规格派生，不能据此删除
legacy_vue/public/assets/images/cg_emotion_curiosity_16_9.webp,legacy_vue/public/assets/images/char_girl_smoke_1600.webp,2,3.829,视觉近似候选；可能是合法原稿/规格派生，不能据此删除
legacy_vue/public/assets/images/cg_emotion_curiosity_16_9.webp,legacy_vue/public/assets/images/char_girl_smoke_900.webp,2,3.79,视觉近似候选；可能是合法原稿/规格派生，不能据此删除
legacy_vue/public/assets/images/cg_emotion_curiosity_16_9.webp,legacy_vue/public/assets/images/char_girl_sneer.png,6,1.965,视觉近似候选；可能是合法原稿/规格派生，不能据此删除
legacy_vue/public/assets/images/cg_emotion_curiosity_16_9.webp,legacy_vue/public/assets/images/char_girl_sneer_480.webp,6,1.868,视觉近似候选；可能是合法原稿/规格派生，不能据此删除
legacy_vue/public/assets/images/cg_emotion_soft_16_9.webp,legacy_vue/public/assets/images/cg_emotion_sting_16_9.webp,5,3.162,视觉近似候选；可能是合法原稿/规格派生，不能据此删除
legacy_vue/public/assets/images/cg_emotion_soft_16_9.webp,legacy_vue/public/assets/images/cg_emotion_surprise_16_9.webp,4,2.804,视觉近似候选；可能是合法原稿/规格派生，不能据此删除
legacy_vue/public/assets/images/cg_emotion_soft_16_9.webp,legacy_vue/public/assets/images/cg_pressure_near_jump_16_9.webp,6,5.42,视觉近似候选；可能是合法原稿/规格派生，不能据此删除
legacy_vue/public/assets/images/cg_emotion_soft_16_9.webp,legacy_vue/public/assets/images/char_girl_smoke.png,3,3.637,视觉近似候选；可能是合法原稿/规格派生，不能据此删除
legacy_vue/public/assets/images/cg_emotion_soft_16_9.webp,legacy_vue/public/assets/images/char_girl_smoke_1600.webp,3,3.588,视觉近似候选；可能是合法原稿/规格派生，不能据此删除
legacy_vue/public/assets/images/cg_emotion_soft_16_9.webp,legacy_vue/public/assets/images/char_girl_smoke_900.webp,3,3.564,视觉近似候选；可能是合法原稿/规格派生，不能据此删除
legacy_vue/public/assets/images/cg_emotion_soft_16_9.webp,legacy_vue/public/assets/images/char_girl_sneer.png,5,1.909,视觉近似候选；可能是合法原稿/规格派生，不能据此删除
legacy_vue/public/assets/images/cg_emotion_soft_16_9.webp,legacy_vue/public/assets/images/char_girl_sneer_480.webp,5,2.186,视觉近似候选；可能是合法原稿/规格派生，不能据此删除
legacy_vue/public/assets/images/cg_emotion_sting_16_9.webp,legacy_vue/public/assets/images/cg_emotion_surprise_16_9.webp,3,1.904,视觉近似候选；可能是合法原稿/规格派生，不能据此删除
legacy_vue/public/assets/images/cg_emotion_sting_16_9.webp,legacy_vue/public/assets/images/char_girl_smoke.png,4,4.699,视觉近似候选；可能是合法原稿/规格派生，不能据此删除
legacy_vue/public/assets/images/cg_emotion_sting_16_9.webp,legacy_vue/public/assets/images/char_girl_smoke_1600.webp,4,4.628,视觉近似候选；可能是合法原稿/规格派生，不能据此删除
legacy_vue/public/assets/images/cg_emotion_sting_16_9.webp,legacy_vue/public/assets/images/char_girl_smoke_900.webp,4,4.606,视觉近似候选；可能是合法原稿/规格派生，不能据此删除
legacy_vue/public/assets/images/cg_emotion_sting_16_9.webp,legacy_vue/public/assets/images/char_girl_sneer.png,2,2.053,视觉近似候选；可能是合法原稿/规格派生，不能据此删除
legacy_vue/public/assets/images/cg_emotion_sting_16_9.webp,legacy_vue/public/assets/images/char_girl_sneer_480.webp,2,1.876,视觉近似候选；可能是合法原稿/规格派生，不能据此删除
legacy_vue/public/assets/images/cg_emotion_surprise_16_9.webp,legacy_vue/public/assets/images/char_girl_sneer.png,3,2.097,视觉近似候选；可能是合法原稿/规格派生，不能据此删除
legacy_vue/public/assets/images/cg_emotion_surprise_16_9.webp,legacy_vue/public/assets/images/char_girl_sneer_480.webp,3,1.799,视觉近似候选；可能是合法原稿/规格派生，不能据此删除
legacy_vue/public/assets/images/cg_end_disappear.png,legacy_vue/public/assets/images/cg_end_disappear_1600.webp,0,0.241,视觉近似候选；可能是合法原稿/规格派生，不能据此删除
legacy_vue/public/assets/images/cg_end_disappear.png,legacy_vue/public/assets/images/cg_end_disappear_900.webp,0,0.426,视觉近似候选；可能是合法原稿/规格派生，不能据此删除
legacy_vue/public/assets/images/cg_end_disappear_1600.webp,legacy_vue/public/assets/images/cg_end_disappear_900.webp,0,0.433,视觉近似候选；可能是合法原稿/规格派生，不能据此删除
legacy_vue/public/assets/images/cg_end_fall_1600.webp,legacy_vue/public/assets/images/cg_end_fall_900.webp,0,0.574,视觉近似候选；可能是合法原稿/规格派生，不能据此删除
legacy_vue/public/assets/images/cg_end_fall_1600.webp,legacy_vue/public/assets/images/cg_end_fall_source_v2.png,0,0.189,视觉近似候选；可能是合法原稿/规格派生，不能据此删除
legacy_vue/public/assets/images/cg_end_fall_900.webp,legacy_vue/public/assets/images/cg_end_fall_source_v2.png,0,0.57,视觉近似候选；可能是合法原稿/规格派生，不能据此删除
legacy_vue/public/assets/images/cg_end_fall_seq_01_1600.webp,legacy_vue/public/assets/images/cg_end_fall_seq_01_900.webp,0,0.53,视觉近似候选；可能是合法原稿/规格派生，不能据此删除
legacy_vue/public/assets/images/cg_end_fall_seq_01_1600.webp,legacy_vue/public/assets/images/cg_end_fall_seq_01_source.png,0,0.272,视觉近似候选；可能是合法原稿/规格派生，不能据此删除
legacy_vue/public/assets/images/cg_end_fall_seq_01_900.webp,legacy_vue/public/assets/images/cg_end_fall_seq_01_source.png,0,0.572,视觉近似候选；可能是合法原稿/规格派生，不能据此删除
legacy_vue/public/assets/images/cg_end_fall_seq_02_1600.webp,legacy_vue/public/assets/images/cg_end_fall_seq_02_900.webp,3,0.532,视觉近似候选；可能是合法原稿/规格派生，不能据此删除
legacy_vue/public/assets/images/cg_end_fall_seq_02_1600.webp,legacy_vue/public/assets/images/cg_end_fall_seq_02_source.png,0,0.203,视觉近似候选；可能是合法原稿/规格派生，不能据此删除
legacy_vue/public/assets/images/cg_end_fall_seq_02_900.webp,legacy_vue/public/assets/images/cg_end_fall_seq_02_source.png,3,0.54,视觉近似候选；可能是合法原稿/规格派生，不能据此删除
legacy_vue/public/assets/images/cg_end_fall_seq_03_1600.webp,legacy_vue/public/assets/images/cg_end_fall_seq_03_900.webp,1,0.488,视觉近似候选；可能是合法原稿/规格派生，不能据此删除
legacy_vue/public/assets/images/cg_end_fall_seq_03_1600.webp,legacy_vue/public/assets/images/cg_end_fall_seq_03_source.png,0,0.206,视觉近似候选；可能是合法原稿/规格派生，不能据此删除
legacy_vue/public/assets/images/cg_end_fall_seq_03_900.webp,legacy_vue/public/assets/images/cg_end_fall_seq_03_source.png,1,0.51,视觉近似候选；可能是合法原稿/规格派生，不能据此删除
legacy_vue/public/assets/images/cg_end_fall_seq_04_1600.webp,legacy_vue/public/assets/images/cg_end_fall_seq_04_900.webp,0,0.373,视觉近似候选；可能是合法原稿/规格派生，不能据此删除
legacy_vue/public/assets/images/cg_end_fall_seq_04_1600.webp,legacy_vue/public/assets/images/cg_end_fall_seq_04_source.png,0,0.173,视觉近似候选；可能是合法原稿/规格派生，不能据此删除
legacy_vue/public/assets/images/cg_end_fall_seq_04_900.webp,legacy_vue/public/assets/images/cg_end_fall_seq_04_source.png,0,0.385,视觉近似候选；可能是合法原稿/规格派生，不能据此删除
legacy_vue/public/assets/images/cg_end_fall_seq_05_1600.webp,legacy_vue/public/assets/images/cg_end_fall_seq_05_900.webp,0,0.512,视觉近似候选；可能是合法原稿/规格派生，不能据此删除
legacy_vue/public/assets/images/cg_end_fall_seq_05_1600.webp,legacy_vue/public/assets/images/cg_end_fall_seq_05_source.png,0,0.268,视觉近似候选；可能是合法原稿/规格派生，不能据此删除
legacy_vue/public/assets/images/cg_end_fall_seq_05_1600.webp,legacy_vue/public/assets/images/pv_cover_candidates/pv_cover_tiantai_shiju_title_1680x945.png,6,4.142,视觉近似候选；可能是合法原稿/规格派生，不能据此删除
legacy_vue/public/assets/images/cg_end_fall_seq_05_1600.webp,legacy_vue/public/assets/images/pv_cover_candidates/pv_cover_tiantai_shiju_title_image2_raw.png,6,4.138,视觉近似候选；可能是合法原稿/规格派生，不能据此删除
legacy_vue/public/assets/images/cg_end_fall_seq_05_900.webp,legacy_vue/public/assets/images/cg_end_fall_seq_05_source.png,0,0.535,视觉近似候选；可能是合法原稿/规格派生，不能据此删除
legacy_vue/public/assets/images/cg_end_fall_seq_05_900.webp,legacy_vue/public/assets/images/pv_cover_candidates/pv_cover_tiantai_shiju_title_1680x945.png,6,4.267,视觉近似候选；可能是合法原稿/规格派生，不能据此删除
legacy_vue/public/assets/images/cg_end_fall_seq_05_900.webp,legacy_vue/public/assets/images/pv_cover_candidates/pv_cover_tiantai_shiju_title_image2_raw.png,6,4.265,视觉近似候选；可能是合法原稿/规格派生，不能据此删除
legacy_vue/public/assets/images/cg_end_fall_seq_05_source.png,legacy_vue/public/assets/images/pv_cover_candidates/pv_cover_tiantai_shiju_title_1680x945.png,6,4.08,视觉近似候选；可能是合法原稿/规格派生，不能据此删除
legacy_vue/public/assets/images/cg_end_fall_seq_05_source.png,legacy_vue/public/assets/images/pv_cover_candidates/pv_cover_tiantai_shiju_title_image2_raw.png,6,4.076,视觉近似候选；可能是合法原稿/规格派生，不能据此删除
legacy_vue/public/assets/images/cg_pressure_turn_back_16_9.webp,legacy_vue/public/assets/images/cg_pressure_turn_back_source.png,0,0.168,视觉近似候选；可能是合法原稿/规格派生，不能据此删除
legacy_vue/public/assets/images/char_girl_normal.png,legacy_vue/public/assets/images/char_girl_normal_1600.webp,1,0.254,视觉近似候选；可能是合法原稿/规格派生，不能据此删除
legacy_vue/public/assets/images/char_girl_normal.png,legacy_vue/public/assets/images/char_girl_normal_900.webp,0,0.419,视觉近似候选；可能是合法原稿/规格派生，不能据此删除
legacy_vue/public/assets/images/char_girl_normal.png,legacy_vue/public/assets/images/char_girl_sad.png,0,0.0,视觉近似候选；可能是合法原稿/规格派生，不能据此删除
legacy_vue/public/assets/images/char_girl_normal.png,legacy_vue/public/assets/images/char_girl_sad_1600.webp,1,0.254,视觉近似候选；可能是合法原稿/规格派生，不能据此删除
legacy_vue/public/assets/images/char_girl_normal.png,legacy_vue/public/assets/images/char_girl_sad_900.webp,0,0.419,视觉近似候选；可能是合法原稿/规格派生，不能据此删除
legacy_vue/public/assets/images/char_girl_normal_1600.webp,legacy_vue/public/assets/images/char_girl_normal_900.webp,1,0.39,视觉近似候选；可能是合法原稿/规格派生，不能据此删除
legacy_vue/public/assets/images/char_girl_normal_1600.webp,legacy_vue/public/assets/images/char_girl_sad.png,1,0.254,视觉近似候选；可能是合法原稿/规格派生，不能据此删除
legacy_vue/public/assets/images/char_girl_normal_1600.webp,legacy_vue/public/assets/images/char_girl_sad_1600.webp,0,0.0,视觉近似候选；可能是合法原稿/规格派生，不能据此删除
legacy_vue/public/assets/images/char_girl_normal_1600.webp,legacy_vue/public/assets/images/char_girl_sad_900.webp,1,0.39,视觉近似候选；可能是合法原稿/规格派生，不能据此删除
legacy_vue/public/assets/images/char_girl_normal_900.webp,legacy_vue/public/assets/images/char_girl_sad.png,0,0.419,视觉近似候选；可能是合法原稿/规格派生，不能据此删除
legacy_vue/public/assets/images/char_girl_normal_900.webp,legacy_vue/public/assets/images/char_girl_sad_1600.webp,1,0.39,视觉近似候选；可能是合法原稿/规格派生，不能据此删除
legacy_vue/public/assets/images/char_girl_normal_900.webp,legacy_vue/public/assets/images/char_girl_sad_900.webp,0,0.0,视觉近似候选；可能是合法原稿/规格派生，不能据此删除
legacy_vue/public/assets/images/char_girl_sad.png,legacy_vue/public/assets/images/char_girl_sad_1600.webp,1,0.254,视觉近似候选；可能是合法原稿/规格派生，不能据此删除
legacy_vue/public/assets/images/char_girl_sad.png,legacy_vue/public/assets/images/char_girl_sad_900.webp,0,0.419,视觉近似候选；可能是合法原稿/规格派生，不能据此删除
legacy_vue/public/assets/images/char_girl_sad_1600.webp,legacy_vue/public/assets/images/char_girl_sad_900.webp,1,0.39,视觉近似候选；可能是合法原稿/规格派生，不能据此删除
legacy_vue/public/assets/images/char_girl_smoke.png,legacy_vue/public/assets/images/char_girl_smoke_1600.webp,0,0.183,视觉近似候选；可能是合法原稿/规格派生，不能据此删除
legacy_vue/public/assets/images/char_girl_smoke.png,legacy_vue/public/assets/images/char_girl_smoke_900.webp,0,0.283,视觉近似候选；可能是合法原稿/规格派生，不能据此删除
legacy_vue/public/assets/images/char_girl_smoke.png,legacy_vue/public/assets/images/char_girl_sneer.png,4,3.674,视觉近似候选；可能是合法原稿/规格派生，不能据此删除
legacy_vue/public/assets/images/char_girl_smoke.png,legacy_vue/public/assets/images/char_girl_sneer_480.webp,4,4.04,视觉近似候选；可能是合法原稿/规格派生，不能据此删除
legacy_vue/public/assets/images/char_girl_smoke_1600.webp,legacy_vue/public/assets/images/char_girl_smoke_900.webp,0,0.257,视觉近似候选；可能是合法原稿/规格派生，不能据此删除
legacy_vue/public/assets/images/char_girl_smoke_1600.webp,legacy_vue/public/assets/images/char_girl_sneer.png,4,3.616,视觉近似候选；可能是合法原稿/规格派生，不能据此删除
legacy_vue/public/assets/images/char_girl_smoke_1600.webp,legacy_vue/public/assets/images/char_girl_sneer_480.webp,4,3.976,视觉近似候选；可能是合法原稿/规格派生，不能据此删除
legacy_vue/public/assets/images/char_girl_smoke_900.webp,legacy_vue/public/assets/images/char_girl_sneer.png,4,3.598,视觉近似候选；可能是合法原稿/规格派生，不能据此删除
legacy_vue/public/assets/images/char_girl_smoke_900.webp,legacy_vue/public/assets/images/char_girl_sneer_480.webp,4,3.955,视觉近似候选；可能是合法原稿/规格派生，不能据此删除
legacy_vue/public/assets/images/char_girl_sneer.png,legacy_vue/public/assets/images/char_girl_sneer_480.webp,0,0.561,视觉近似候选；可能是合法原稿/规格派生，不能据此删除
legacy_vue/public/assets/images/menu_bg_rooftop.png,legacy_vue/public/assets/images/menu_bg_rooftop_1600.webp,1,0.266,视觉近似候选；可能是合法原稿/规格派生，不能据此删除
legacy_vue/public/assets/images/menu_bg_rooftop.png,legacy_vue/public/assets/images/menu_bg_rooftop_900.webp,1,0.435,视觉近似候选；可能是合法原稿/规格派生，不能据此删除
legacy_vue/public/assets/images/menu_bg_rooftop_1600.webp,legacy_vue/public/assets/images/menu_bg_rooftop_900.webp,0,0.432,视觉近似候选；可能是合法原稿/规格派生，不能据此删除
legacy_vue/public/assets/images/menu_home_bg_1600.webp,legacy_vue/public/assets/images/menu_home_bg_900.webp,0,0.394,视觉近似候选；可能是合法原稿/规格派生，不能据此删除
legacy_vue/public/assets/images/menu_home_bg_1600.webp,legacy_vue/public/assets/images/menu_home_bg_source.png,0,0.244,视觉近似候选；可能是合法原稿/规格派生，不能据此删除
legacy_vue/public/assets/images/menu_home_bg_900.webp,legacy_vue/public/assets/images/menu_home_bg_source.png,0,0.419,视觉近似候选；可能是合法原稿/规格派生，不能据此删除
legacy_vue/public/assets/images/menu_home_menu_aura_1600.webp,legacy_vue/public/assets/images/menu_home_menu_aura_900.webp,1,0.2,视觉近似候选；可能是合法原稿/规格派生，不能据此删除
legacy_vue/public/assets/images/menu_home_menu_aura_1600.webp,legacy_vue/public/assets/images/menu_home_menu_aura_source.png,0,0.152,视觉近似候选；可能是合法原稿/规格派生，不能据此删除
legacy_vue/public/assets/images/menu_home_menu_aura_900.webp,legacy_vue/public/assets/images/menu_home_menu_aura_source.png,1,0.217,视觉近似候选；可能是合法原稿/规格派生，不能据此删除
legacy_vue/public/assets/images/menu_home_title_mist_1600.webp,legacy_vue/public/assets/images/menu_home_title_mist_900.webp,0,0.241,视觉近似候选；可能是合法原稿/规格派生，不能据此删除
legacy_vue/public/assets/images/menu_home_title_mist_1600.webp,legacy_vue/public/assets/images/menu_home_title_mist_source.png,1,0.242,视觉近似候选；可能是合法原稿/规格派生，不能据此删除
legacy_vue/public/assets/images/menu_home_title_mist_900.webp,legacy_vue/public/assets/images/menu_home_title_mist_source.png,1,0.306,视觉近似候选；可能是合法原稿/规格派生，不能据此删除
legacy_vue/public/assets/images/menu_title.png,legacy_vue/public/assets/images/menu_title.webp,4,3.283,视觉近似候选；可能是合法原稿/规格派生，不能据此删除
legacy_vue/public/assets/images/pv_cover_candidates/pv_cover_tiantai_shiju_title_1680x945.png,legacy_vue/public/assets/images/pv_cover_candidates/pv_cover_tiantai_shiju_title_image2_raw.png,0,0.052,视觉近似候选；可能是合法原稿/规格派生，不能据此删除
legacy_vue/public/assets/images/safe_exit_20260918/01-crying-1600.webp,legacy_vue/public/assets/images/safe_exit_20260918/01-crying-900.webp,0,0.274,视觉近似候选；可能是合法原稿/规格派生，不能据此删除
legacy_vue/public/assets/images/safe_exit_20260918/01-crying-1600.webp,legacy_vue/public/assets/images/safe_exit_20260918/01-crying.png,3,0.237,视觉近似候选；可能是合法原稿/规格派生，不能据此删除
legacy_vue/public/assets/images/safe_exit_20260918/01-crying-900.webp,legacy_vue/public/assets/images/safe_exit_20260918/01-crying.png,3,0.294,视觉近似候选；可能是合法原稿/规格派生，不能据此删除
legacy_vue/public/assets/images/safe_exit_20260918/02-wipe-tears-1600.webp,legacy_vue/public/assets/images/safe_exit_20260918/02-wipe-tears-900.webp,0,0.28,视觉近似候选；可能是合法原稿/规格派生，不能据此删除
legacy_vue/public/assets/images/safe_exit_20260918/02-wipe-tears-1600.webp,legacy_vue/public/assets/images/safe_exit_20260918/02-wipe-tears.png,1,0.19,视觉近似候选；可能是合法原稿/规格派生，不能据此删除
legacy_vue/public/assets/images/safe_exit_20260918/02-wipe-tears-900.webp,legacy_vue/public/assets/images/safe_exit_20260918/02-wipe-tears.png,1,0.281,视觉近似候选；可能是合法原稿/规格派生，不能据此删除
legacy_vue/public/assets/images/safe_exit_20260918/03-leave-ai-only-1600.webp,legacy_vue/public/assets/images/safe_exit_20260918/03-leave-ai-only-900.webp,0,0.289,视觉近似候选；可能是合法原稿/规格派生，不能据此删除
legacy_vue/public/assets/images/safe_exit_20260918/03-leave-ai-only-1600.webp,legacy_vue/public/assets/images/safe_exit_20260918/03-leave-ai-only.png,0,0.202,视觉近似候选；可能是合法原稿/规格派生，不能据此删除
legacy_vue/public/assets/images/safe_exit_20260918/03-leave-ai-only-900.webp,legacy_vue/public/assets/images/safe_exit_20260918/03-leave-ai-only.png,0,0.281,视觉近似候选；可能是合法原稿/规格派生，不能据此删除
legacy_vue/public/assets/images/safe_exit_20260918/03-leave-together-1600.webp,legacy_vue/public/assets/images/safe_exit_20260918/03-leave-together-900.webp,0,0.297,视觉近似候选；可能是合法原稿/规格派生，不能据此删除
legacy_vue/public/assets/images/safe_exit_20260918/03-leave-together-1600.webp,legacy_vue/public/assets/images/safe_exit_20260918/03-leave-together.png,0,0.195,视觉近似候选；可能是合法原稿/规格派生，不能据此删除
legacy_vue/public/assets/images/safe_exit_20260918/03-leave-together-900.webp,legacy_vue/public/assets/images/safe_exit_20260918/03-leave-together.png,0,0.274,视觉近似候选；可能是合法原稿/规格派生，不能据此删除
legacy_vue/public/assets/images/unified_image2_2026-07-31/cg/cg_01_pressure_edge_1920x1080.webp,legacy_vue/public/assets/images/unified_image2_2026-07-31/cg/cg_01_pressure_edge_image2_raw.png,3,0.241,视觉近似候选；可能是合法原稿/规格派生，不能据此删除
legacy_vue/public/assets/images/unified_image2_2026-07-31/cg/cg_01_pressure_edge_1920x1080.webp,legacy_vue/public/assets/images/unified_image2_2026-07-31/cg/cg_02_turn_back_1920x1080.webp,6,1.011,视觉近似候选；可能是合法原稿/规格派生，不能据此删除
legacy_vue/public/assets/images/unified_image2_2026-07-31/cg/cg_01_pressure_edge_1920x1080.webp,legacy_vue/public/assets/images/unified_image2_2026-07-31/cg/cg_02_turn_back_image2_raw.png,6,1.059,视觉近似候选；可能是合法原稿/规格派生，不能据此删除
legacy_vue/public/assets/images/unified_image2_2026-07-31/cg/cg_01_pressure_edge_1920x1080.webp,legacy_vue/public/assets/images/unified_image2_2026-07-31/game_cg/state/state_edge_1600.webp,4,0.312,视觉近似候选；可能是合法原稿/规格派生，不能据此删除
legacy_vue/public/assets/images/unified_image2_2026-07-31/cg/cg_01_pressure_edge_1920x1080.webp,legacy_vue/public/assets/images/unified_image2_2026-07-31/game_cg/state/state_edge_900.webp,4,0.408,视觉近似候选；可能是合法原稿/规格派生，不能据此删除
legacy_vue/public/assets/images/unified_image2_2026-07-31/cg/cg_01_pressure_edge_1920x1080.webp,legacy_vue/public/assets/images/unified_image2_2026-07-31/game_cg/state/state_turn_back_1600.webp,5,1.094,视觉近似候选；可能是合法原稿/规格派生，不能据此删除
legacy_vue/public/assets/images/unified_image2_2026-07-31/cg/cg_01_pressure_edge_1920x1080.webp,legacy_vue/public/assets/images/unified_image2_2026-07-31/game_cg/state/state_turn_back_900.webp,5,1.114,视觉近似候选；可能是合法原稿/规格派生，不能据此删除
legacy_vue/public/assets/images/unified_image2_2026-07-31/cg/cg_01_pressure_edge_1920x1080.webp,legacy_vue/public/assets/images/unified_image2_2026-07-31/pv/pv_03_turn_back_1920x1080.webp,6,2.782,视觉近似候选；可能是合法原稿/规格派生，不能据此删除
legacy_vue/public/assets/images/unified_image2_2026-07-31/cg/cg_01_pressure_edge_image2_raw.png,legacy_vue/public/assets/images/unified_image2_2026-07-31/game_cg/state/state_edge_1600.webp,3,0.206,视觉近似候选；可能是合法原稿/规格派生，不能据此删除
legacy_vue/public/assets/images/unified_image2_2026-07-31/cg/cg_01_pressure_edge_image2_raw.png,legacy_vue/public/assets/images/unified_image2_2026-07-31/game_cg/state/state_edge_900.webp,5,0.386,视觉近似候选；可能是合法原稿/规格派生，不能据此删除
legacy_vue/public/assets/images/unified_image2_2026-07-31/cg/cg_01_pressure_edge_image2_raw.png,legacy_vue/public/assets/images/unified_image2_2026-07-31/game_cg/state/state_turn_back_1600.webp,6,1.042,视觉近似候选；可能是合法原稿/规格派生，不能据此删除
legacy_vue/public/assets/images/unified_image2_2026-07-31/cg/cg_01_pressure_edge_image2_raw.png,legacy_vue/public/assets/images/unified_image2_2026-07-31/game_cg/state/state_turn_back_900.webp,6,1.08,视觉近似候选；可能是合法原稿/规格派生，不能据此删除
legacy_vue/public/assets/images/unified_image2_2026-07-31/cg/cg_02_turn_back_1920x1080.webp,legacy_vue/public/assets/images/unified_image2_2026-07-31/cg/cg_02_turn_back_image2_raw.png,0,0.244,视觉近似候选；可能是合法原稿/规格派生，不能据此删除
legacy_vue/public/assets/images/unified_image2_2026-07-31/cg/cg_02_turn_back_1920x1080.webp,legacy_vue/public/assets/images/unified_image2_2026-07-31/cg/cg_05_end_failure_aftermath_1920x1080.webp,5,2.781,视觉近似候选；可能是合法原稿/规格派生，不能据此删除
legacy_vue/public/assets/images/unified_image2_2026-07-31/cg/cg_02_turn_back_1920x1080.webp,legacy_vue/public/assets/images/unified_image2_2026-07-31/cg/cg_05_end_failure_aftermath_image2_raw.png,5,2.799,视觉近似候选；可能是合法原稿/规格派生，不能据此删除
legacy_vue/public/assets/images/unified_image2_2026-07-31/cg/cg_02_turn_back_1920x1080.webp,legacy_vue/public/assets/images/unified_image2_2026-07-31/game_cg/ending/death_05_1600.webp,5,2.821,视觉近似候选；可能是合法原稿/规格派生，不能据此删除
legacy_vue/public/assets/images/unified_image2_2026-07-31/cg/cg_02_turn_back_1920x1080.webp,legacy_vue/public/assets/images/unified_image2_2026-07-31/game_cg/ending/death_05_900.webp,6,2.853,视觉近似候选；可能是合法原稿/规格派生，不能据此删除
legacy_vue/public/assets/images/unified_image2_2026-07-31/cg/cg_02_turn_back_1920x1080.webp,legacy_vue/public/assets/images/unified_image2_2026-07-31/game_cg/state/state_edge_1600.webp,4,1.041,视觉近似候选；可能是合法原稿/规格派生，不能据此删除
legacy_vue/public/assets/images/unified_image2_2026-07-31/cg/cg_02_turn_back_1920x1080.webp,legacy_vue/public/assets/images/unified_image2_2026-07-31/game_cg/state/state_edge_900.webp,6,1.11,视觉近似候选；可能是合法原稿/规格派生，不能据此删除
legacy_vue/public/assets/images/unified_image2_2026-07-31/cg/cg_02_turn_back_1920x1080.webp,legacy_vue/public/assets/images/unified_image2_2026-07-31/game_cg/state/state_turn_back_1600.webp,1,0.308,视觉近似候选；可能是合法原稿/规格派生，不能据此删除
legacy_vue/public/assets/images/unified_image2_2026-07-31/cg/cg_02_turn_back_1920x1080.webp,legacy_vue/public/assets/images/unified_image2_2026-07-31/game_cg/state/state_turn_back_900.webp,1,0.41,视觉近似候选；可能是合法原稿/规格派生，不能据此删除
legacy_vue/public/assets/images/unified_image2_2026-07-31/cg/cg_02_turn_back_1920x1080.webp,legacy_vue/public/assets/images/unified_image2_2026-07-31/pv/pv_03_turn_back_1920x1080.webp,4,2.637,视觉近似候选；可能是合法原稿/规格派生，不能据此删除
legacy_vue/public/assets/images/unified_image2_2026-07-31/cg/cg_02_turn_back_1920x1080.webp,legacy_vue/public/assets/images/unified_image2_2026-07-31/pv/pv_03_turn_back_image2_raw.png,6,2.637,视觉近似候选；可能是合法原稿/规格派生，不能据此删除
legacy_vue/public/assets/images/unified_image2_2026-07-31/cg/cg_02_turn_back_image2_raw.png,legacy_vue/public/assets/images/unified_image2_2026-07-31/cg/cg_05_end_failure_aftermath_1920x1080.webp,5,2.816,视觉近似候选；可能是合法原稿/规格派生，不能据此删除
legacy_vue/public/assets/images/unified_image2_2026-07-31/cg/cg_02_turn_back_image2_raw.png,legacy_vue/public/assets/images/unified_image2_2026-07-31/cg/cg_05_end_failure_aftermath_image2_raw.png,5,2.784,视觉近似候选；可能是合法原稿/规格派生，不能据此删除
legacy_vue/public/assets/images/unified_image2_2026-07-31/cg/cg_02_turn_back_image2_raw.png,legacy_vue/public/assets/images/unified_image2_2026-07-31/game_cg/ending/death_05_1600.webp,5,2.811,视觉近似候选；可能是合法原稿/规格派生，不能据此删除
legacy_vue/public/assets/images/unified_image2_2026-07-31/cg/cg_02_turn_back_image2_raw.png,legacy_vue/public/assets/images/unified_image2_2026-07-31/game_cg/ending/death_05_900.webp,6,2.857,视觉近似候选；可能是合法原稿/规格派生，不能据此删除
legacy_vue/public/assets/images/unified_image2_2026-07-31/cg/cg_02_turn_back_image2_raw.png,legacy_vue/public/assets/images/unified_image2_2026-07-31/game_cg/state/state_edge_1600.webp,4,1.026,视觉近似候选；可能是合法原稿/规格派生，不能据此删除
legacy_vue/public/assets/images/unified_image2_2026-07-31/cg/cg_02_turn_back_image2_raw.png,legacy_vue/public/assets/images/unified_image2_2026-07-31/game_cg/state/state_edge_900.webp,6,1.124,视觉近似候选；可能是合法原稿/规格派生，不能据此删除
legacy_vue/public/assets/images/unified_image2_2026-07-31/cg/cg_02_turn_back_image2_raw.png,legacy_vue/public/assets/images/unified_image2_2026-07-31/game_cg/state/state_turn_back_1600.webp,1,0.206,视觉近似候选；可能是合法原稿/规格派生，不能据此删除
legacy_vue/public/assets/images/unified_image2_2026-07-31/cg/cg_02_turn_back_image2_raw.png,legacy_vue/public/assets/images/unified_image2_2026-07-31/game_cg/state/state_turn_back_900.webp,1,0.384,视觉近似候选；可能是合法原稿/规格派生，不能据此删除
legacy_vue/public/assets/images/unified_image2_2026-07-31/cg/cg_02_turn_back_image2_raw.png,legacy_vue/public/assets/images/unified_image2_2026-07-31/pv/pv_03_turn_back_1920x1080.webp,4,2.661,视觉近似候选；可能是合法原稿/规格派生，不能据此删除
legacy_vue/public/assets/images/unified_image2_2026-07-31/cg/cg_02_turn_back_image2_raw.png,legacy_vue/public/assets/images/unified_image2_2026-07-31/pv/pv_03_turn_back_image2_raw.png,6,2.622,视觉近似候选；可能是合法原稿/规格派生，不能据此删除
legacy_vue/public/assets/images/unified_image2_2026-07-31/cg/cg_03_end_disappear_1920x1080.webp,legacy_vue/public/assets/images/unified_image2_2026-07-31/cg/cg_03_end_disappear_image2_raw.png,0,0.257,视觉近似候选；可能是合法原稿/规格派生，不能据此删除
legacy_vue/public/assets/images/unified_image2_2026-07-31/cg/cg_03_end_disappear_1920x1080.webp,legacy_vue/public/assets/images/unified_image2_2026-07-31/game_cg/ending/end_disappear_1600.webp,1,0.322,视觉近似候选；可能是合法原稿/规格派生，不能据此删除
legacy_vue/public/assets/images/unified_image2_2026-07-31/cg/cg_03_end_disappear_1920x1080.webp,legacy_vue/public/assets/images/unified_image2_2026-07-31/game_cg/ending/end_disappear_900.webp,2,0.449,视觉近似候选；可能是合法原稿/规格派生，不能据此删除
legacy_vue/public/assets/images/unified_image2_2026-07-31/cg/cg_03_end_disappear_image2_raw.png,legacy_vue/public/assets/images/unified_image2_2026-07-31/game_cg/ending/end_disappear_1600.webp,1,0.209,视觉近似候选；可能是合法原稿/规格派生，不能据此删除
legacy_vue/public/assets/images/unified_image2_2026-07-31/cg/cg_03_end_disappear_image2_raw.png,legacy_vue/public/assets/images/unified_image2_2026-07-31/game_cg/ending/end_disappear_900.webp,2,0.405,视觉近似候选；可能是合法原稿/规格派生，不能据此删除
legacy_vue/public/assets/images/unified_image2_2026-07-31/cg/cg_04_end_acquaintance_1920x1080.webp,legacy_vue/public/assets/images/unified_image2_2026-07-31/cg/cg_04_end_acquaintance_image2_raw.png,0,0.278,视觉近似候选；可能是合法原稿/规格派生，不能据此删除
legacy_vue/public/assets/images/unified_image2_2026-07-31/cg/cg_04_end_acquaintance_1920x1080.webp,legacy_vue/public/assets/images/unified_image2_2026-07-31/game_cg/ending/end_acquaintance_1600.webp,1,0.384,视觉近似候选；可能是合法原稿/规格派生，不能据此删除
legacy_vue/public/assets/images/unified_image2_2026-07-31/cg/cg_04_end_acquaintance_1920x1080.webp,legacy_vue/public/assets/images/unified_image2_2026-07-31/game_cg/ending/end_acquaintance_900.webp,0,0.421,视觉近似候选；可能是合法原稿/规格派生，不能据此删除
legacy_vue/public/assets/images/unified_image2_2026-07-31/cg/cg_04_end_acquaintance_image2_raw.png,legacy_vue/public/assets/images/unified_image2_2026-07-31/game_cg/ending/end_acquaintance_1600.webp,1,0.264,视觉近似候选；可能是合法原稿/规格派生，不能据此删除
legacy_vue/public/assets/images/unified_image2_2026-07-31/cg/cg_04_end_acquaintance_image2_raw.png,legacy_vue/public/assets/images/unified_image2_2026-07-31/game_cg/ending/end_acquaintance_900.webp,0,0.31,视觉近似候选；可能是合法原稿/规格派生，不能据此删除
legacy_vue/public/assets/images/unified_image2_2026-07-31/cg/cg_05_end_failure_aftermath_1920x1080.webp,legacy_vue/public/assets/images/unified_image2_2026-07-31/cg/cg_05_end_failure_aftermath_image2_raw.png,0,0.26,视觉近似候选；可能是合法原稿/规格派生，不能据此删除
legacy_vue/public/assets/images/unified_image2_2026-07-31/cg/cg_05_end_failure_aftermath_1920x1080.webp,legacy_vue/public/assets/images/unified_image2_2026-07-31/cover/cover_key_art_background_1920x1080.webp,6,4.125,视觉近似候选；可能是合法原稿/规格派生，不能据此删除
legacy_vue/public/assets/images/unified_image2_2026-07-31/cg/cg_05_end_failure_aftermath_1920x1080.webp,legacy_vue/public/assets/images/unified_image2_2026-07-31/cover/cover_key_art_background_image2_raw.png,6,4.142,视觉近似候选；可能是合法原稿/规格派生，不能据此删除
legacy_vue/public/assets/images/unified_image2_2026-07-31/cg/cg_05_end_failure_aftermath_1920x1080.webp,legacy_vue/public/assets/images/unified_image2_2026-07-31/game_cg/ending/death_05_1600.webp,0,0.328,视觉近似候选；可能是合法原稿/规格派生，不能据此删除
legacy_vue/public/assets/images/unified_image2_2026-07-31/cg/cg_05_end_failure_aftermath_1920x1080.webp,legacy_vue/public/assets/images/unified_image2_2026-07-31/game_cg/ending/death_05_900.webp,1,0.464,视觉近似候选；可能是合法原稿/规格派生，不能据此删除
legacy_vue/public/assets/images/unified_image2_2026-07-31/cg/cg_05_end_failure_aftermath_1920x1080.webp,legacy_vue/public/assets/images/unified_image2_2026-07-31/game_cg/state/state_turn_back_1600.webp,6,2.842,视觉近似候选；可能是合法原稿/规格派生，不能据此删除
legacy_vue/public/assets/images/unified_image2_2026-07-31/cg/cg_05_end_failure_aftermath_1920x1080.webp,legacy_vue/public/assets/images/unified_image2_2026-07-31/game_cg/state/state_turn_back_900.webp,6,2.871,视觉近似候选；可能是合法原稿/规格派生，不能据此删除
legacy_vue/public/assets/images/unified_image2_2026-07-31/cg/cg_05_end_failure_aftermath_image2_raw.png,legacy_vue/public/assets/images/unified_image2_2026-07-31/cover/cover_key_art_background_1920x1080.webp,6,4.129,视觉近似候选；可能是合法原稿/规格派生，不能据此删除
legacy_vue/public/assets/images/unified_image2_2026-07-31/cg/cg_05_end_failure_aftermath_image2_raw.png,legacy_vue/public/assets/images/unified_image2_2026-07-31/cover/cover_key_art_background_image2_raw.png,6,4.124,视觉近似候选；可能是合法原稿/规格派生，不能据此删除
legacy_vue/public/assets/images/unified_image2_2026-07-31/cg/cg_05_end_failure_aftermath_image2_raw.png,legacy_vue/public/assets/images/unified_image2_2026-07-31/game_cg/ending/death_05_1600.webp,0,0.232,视觉近似候选；可能是合法原稿/规格派生，不能据此删除
legacy_vue/public/assets/images/unified_image2_2026-07-31/cg/cg_05_end_failure_aftermath_image2_raw.png,legacy_vue/public/assets/images/unified_image2_2026-07-31/game_cg/ending/death_05_900.webp,1,0.43,视觉近似候选；可能是合法原稿/规格派生，不能据此删除
legacy_vue/public/assets/images/unified_image2_2026-07-31/cg/cg_05_end_failure_aftermath_image2_raw.png,legacy_vue/public/assets/images/unified_image2_2026-07-31/game_cg/state/state_turn_back_1600.webp,6,2.816,视觉近似候选；可能是合法原稿/规格派生，不能据此删除
legacy_vue/public/assets/images/unified_image2_2026-07-31/cg/cg_05_end_failure_aftermath_image2_raw.png,legacy_vue/public/assets/images/unified_image2_2026-07-31/game_cg/state/state_turn_back_900.webp,6,2.862,视觉近似候选；可能是合法原稿/规格派生，不能据此删除
legacy_vue/public/assets/images/unified_image2_2026-07-31/cover/cover_key_art_background_1920x1080.webp,legacy_vue/public/assets/images/unified_image2_2026-07-31/cover/cover_key_art_background_image2_raw.png,0,0.246,视觉近似候选；可能是合法原稿/规格派生，不能据此删除
legacy_vue/public/assets/images/unified_image2_2026-07-31/cover/cover_key_art_background_1920x1080.webp,legacy_vue/public/assets/images/unified_image2_2026-07-31/cover/cover_key_art_title_1920x1080.png,4,1.657,视觉近似候选；可能是合法原稿/规格派生，不能据此删除
legacy_vue/public/assets/images/unified_image2_2026-07-31/cover/cover_key_art_background_1920x1080.webp,legacy_vue/public/assets/images/unified_image2_2026-07-31/cover/cover_key_art_title_1920x1080.webp,4,1.618,视觉近似候选；可能是合法原稿/规格派生，不能据此删除
legacy_vue/public/assets/images/unified_image2_2026-07-31/cover/cover_key_art_background_1920x1080.webp,legacy_vue/public/assets/images/unified_image2_2026-07-31/game_cg/ending/death_05_1600.webp,6,4.139,视觉近似候选；可能是合法原稿/规格派生，不能据此删除
legacy_vue/public/assets/images/unified_image2_2026-07-31/cover/cover_key_art_background_1920x1080.webp,legacy_vue/public/assets/images/unified_image2_2026-07-31/game_cg/state/state_turn_back_1600.webp,6,3.578,视觉近似候选；可能是合法原稿/规格派生，不能据此删除
legacy_vue/public/assets/images/unified_image2_2026-07-31/cover/cover_key_art_background_1920x1080.webp,legacy_vue/public/assets/images/unified_image2_2026-07-31/game_cg/state/state_turn_back_900.webp,6,3.631,视觉近似候选；可能是合法原稿/规格派生，不能据此删除
legacy_vue/public/assets/images/unified_image2_2026-07-31/cover/cover_key_art_background_1920x1080.webp,legacy_vue/public/assets/images/unified_image2_2026-07-31/pv/pv_03_turn_back_1920x1080.webp,5,1.731,视觉近似候选；可能是合法原稿/规格派生，不能据此删除
legacy_vue/public/assets/images/unified_image2_2026-07-31/cover/cover_key_art_background_1920x1080.webp,legacy_vue/public/assets/images/unified_image2_2026-07-31/pv/pv_03_turn_back_image2_raw.png,3,1.768,视觉近似候选；可能是合法原稿/规格派生，不能据此删除
legacy_vue/public/assets/images/unified_image2_2026-07-31/cover/cover_key_art_background_image2_raw.png,legacy_vue/public/assets/images/unified_image2_2026-07-31/cover/cover_key_art_title_1920x1080.png,4,1.854,视觉近似候选；可能是合法原稿/规格派生，不能据此删除
legacy_vue/public/assets/images/unified_image2_2026-07-31/cover/cover_key_art_background_image2_raw.png,legacy_vue/public/assets/images/unified_image2_2026-07-31/cover/cover_key_art_title_1920x1080.webp,4,1.853,视觉近似候选；可能是合法原稿/规格派生，不能据此删除
legacy_vue/public/assets/images/unified_image2_2026-07-31/cover/cover_key_art_background_image2_raw.png,legacy_vue/public/assets/images/unified_image2_2026-07-31/game_cg/ending/death_05_1600.webp,6,4.136,视觉近似候选；可能是合法原稿/规格派生，不能据此删除
legacy_vue/public/assets/images/unified_image2_2026-07-31/cover/cover_key_art_background_image2_raw.png,legacy_vue/public/assets/images/unified_image2_2026-07-31/game_cg/state/state_turn_back_1600.webp,6,3.559,视觉近似候选；可能是合法原稿/规格派生，不能据此删除
legacy_vue/public/assets/images/unified_image2_2026-07-31/cover/cover_key_art_background_image2_raw.png,legacy_vue/public/assets/images/unified_image2_2026-07-31/game_cg/state/state_turn_back_900.webp,6,3.624,视觉近似候选；可能是合法原稿/规格派生，不能据此删除
legacy_vue/public/assets/images/unified_image2_2026-07-31/cover/cover_key_art_background_image2_raw.png,legacy_vue/public/assets/images/unified_image2_2026-07-31/pv/pv_03_turn_back_1920x1080.webp,5,1.759,视觉近似候选；可能是合法原稿/规格派生，不能据此删除
legacy_vue/public/assets/images/unified_image2_2026-07-31/cover/cover_key_art_background_image2_raw.png,legacy_vue/public/assets/images/unified_image2_2026-07-31/pv/pv_03_turn_back_image2_raw.png,3,1.731,视觉近似候选；可能是合法原稿/规格派生，不能据此删除
legacy_vue/public/assets/images/unified_image2_2026-07-31/cover/cover_key_art_title_1920x1080.png,legacy_vue/public/assets/images/unified_image2_2026-07-31/cover/cover_key_art_title_1920x1080.webp,0,0.046,视觉近似候选；可能是合法原稿/规格派生，不能据此删除
legacy_vue/public/assets/images/unified_image2_2026-07-31/cover/cover_key_art_title_1920x1080.png,legacy_vue/public/assets/images/unified_image2_2026-07-31/pv/pv_03_turn_back_image2_raw.png,5,3.33,视觉近似候选；可能是合法原稿/规格派生，不能据此删除
legacy_vue/public/assets/images/unified_image2_2026-07-31/cover/cover_key_art_title_1920x1080.webp,legacy_vue/public/assets/images/unified_image2_2026-07-31/pv/pv_03_turn_back_image2_raw.png,5,3.33,视觉近似候选；可能是合法原稿/规格派生，不能据此删除
legacy_vue/public/assets/images/unified_image2_2026-07-31/game_cg/emotion/emotion_curiosity_1600.webp,legacy_vue/public/assets/images/unified_image2_2026-07-31/game_cg/emotion/emotion_curiosity_900.webp,2,0.546,视觉近似候选；可能是合法原稿/规格派生，不能据此删除
legacy_vue/public/assets/images/unified_image2_2026-07-31/game_cg/emotion/emotion_curiosity_1600.webp,legacy_vue/public/assets/images/unified_image2_2026-07-31/game_cg/emotion/emotion_curiosity_image2_raw.png,1,0.248,视觉近似候选；可能是合法原稿/规格派生，不能据此删除
legacy_vue/public/assets/images/unified_image2_2026-07-31/game_cg/emotion/emotion_curiosity_1600.webp,legacy_vue/public/assets/images/unified_image2_2026-07-31/game_cg/emotion/emotion_soft_1600.webp,3,1.414,视觉近似候选；可能是合法原稿/规格派生，不能据此删除
legacy_vue/public/assets/images/unified_image2_2026-07-31/game_cg/emotion/emotion_curiosity_1600.webp,legacy_vue/public/assets/images/unified_image2_2026-07-31/game_cg/emotion/emotion_soft_900.webp,2,1.533,视觉近似候选；可能是合法原稿/规格派生，不能据此删除
legacy_vue/public/assets/images/unified_image2_2026-07-31/game_cg/emotion/emotion_curiosity_1600.webp,legacy_vue/public/assets/images/unified_image2_2026-07-31/game_cg/emotion/emotion_soft_image2_raw.png,3,1.441,视觉近似候选；可能是合法原稿/规格派生，不能据此删除
legacy_vue/public/assets/images/unified_image2_2026-07-31/game_cg/emotion/emotion_curiosity_1600.webp,legacy_vue/public/assets/images/unified_image2_2026-07-31/game_cg/emotion/emotion_sting_1600.webp,3,1.062,视觉近似候选；可能是合法原稿/规格派生，不能据此删除
legacy_vue/public/assets/images/unified_image2_2026-07-31/game_cg/emotion/emotion_curiosity_1600.webp,legacy_vue/public/assets/images/unified_image2_2026-07-31/game_cg/emotion/emotion_sting_900.webp,4,1.273,视觉近似候选；可能是合法原稿/规格派生，不能据此删除
legacy_vue/public/assets/images/unified_image2_2026-07-31/game_cg/emotion/emotion_curiosity_1600.webp,legacy_vue/public/assets/images/unified_image2_2026-07-31/game_cg/emotion/emotion_sting_image2_raw.png,2,1.127,视觉近似候选；可能是合法原稿/规格派生，不能据此删除
legacy_vue/public/assets/images/unified_image2_2026-07-31/game_cg/emotion/emotion_curiosity_1600.webp,legacy_vue/public/assets/images/unified_image2_2026-07-31/game_cg/emotion/emotion_surprise_1600.webp,4,2.74,视觉近似候选；可能是合法原稿/规格派生，不能据此删除
legacy_vue/public/assets/images/unified_image2_2026-07-31/game_cg/emotion/emotion_curiosity_1600.webp,legacy_vue/public/assets/images/unified_image2_2026-07-31/game_cg/emotion/emotion_surprise_900.webp,4,2.771,视觉近似候选；可能是合法原稿/规格派生，不能据此删除
legacy_vue/public/assets/images/unified_image2_2026-07-31/game_cg/emotion/emotion_curiosity_1600.webp,legacy_vue/public/assets/images/unified_image2_2026-07-31/game_cg/emotion/emotion_surprise_image2_raw.png,3,2.761,视觉近似候选；可能是合法原稿/规格派生，不能据此删除
legacy_vue/public/assets/images/unified_image2_2026-07-31/game_cg/emotion/emotion_curiosity_1600.webp,legacy_vue/public/assets/images/unified_image2_2026-07-31/game_cg/opening/opening_05_1920.webp,2,3.586,视觉近似候选；可能是合法原稿/规格派生，不能据此删除
legacy_vue/public/assets/images/unified_image2_2026-07-31/game_cg/emotion/emotion_curiosity_1600.webp,legacy_vue/public/assets/images/unified_image2_2026-07-31/game_cg/state/state_guarded_1600.webp,3,3.542,视觉近似候选；可能是合法原稿/规格派生，不能据此删除
legacy_vue/public/assets/images/unified_image2_2026-07-31/game_cg/emotion/emotion_curiosity_1600.webp,legacy_vue/public/assets/images/unified_image2_2026-07-31/game_cg/state/state_guarded_900.webp,3,3.563,视觉近似候选；可能是合法原稿/规格派生，不能据此删除
legacy_vue/public/assets/images/unified_image2_2026-07-31/game_cg/emotion/emotion_curiosity_1600.webp,legacy_vue/public/assets/images/unified_image2_2026-07-31/game_cg/state/state_guarded_normal_image2_raw.png,2,3.576,视觉近似候选；可能是合法原稿/规格派生，不能据此删除
legacy_vue/public/assets/images/unified_image2_2026-07-31/game_cg/emotion/emotion_curiosity_1600.webp,legacy_vue/public/assets/images/unified_image2_2026-07-31/game_cg/state/state_smoke_1600.webp,3,0.922,视觉近似候选；可能是合法原稿/规格派生，不能据此删除
legacy_vue/public/assets/images/unified_image2_2026-07-31/game_cg/emotion/emotion_curiosity_1600.webp,legacy_vue/public/assets/images/unified_image2_2026-07-31/game_cg/state/state_smoke_900.webp,6,1.097,视觉近似候选；可能是合法原稿/规格派生，不能据此删除
legacy_vue/public/assets/images/unified_image2_2026-07-31/game_cg/emotion/emotion_curiosity_1600.webp,legacy_vue/public/assets/images/unified_image2_2026-07-31/game_cg/state/state_smoke_image2_raw.png,3,0.962,视觉近似候选；可能是合法原稿/规格派生，不能据此删除
legacy_vue/public/assets/images/unified_image2_2026-07-31/game_cg/emotion/emotion_curiosity_1600.webp,legacy_vue/public/assets/images/unified_image2_2026-07-31/game_cg/state/state_wavering_1600.webp,3,2.789,视觉近似候选；可能是合法原稿/规格派生，不能据此删除
legacy_vue/public/assets/images/unified_image2_2026-07-31/game_cg/emotion/emotion_curiosity_1600.webp,legacy_vue/public/assets/images/unified_image2_2026-07-31/game_cg/state/state_wavering_900.webp,3,2.815,视觉近似候选；可能是合法原稿/规格派生，不能据此删除
legacy_vue/public/assets/images/unified_image2_2026-07-31/game_cg/emotion/emotion_curiosity_1600.webp,legacy_vue/public/assets/images/unified_image2_2026-07-31/game_cg/state/state_wavering_image2_raw.png,4,2.821,视觉近似候选；可能是合法原稿/规格派生，不能据此删除
legacy_vue/public/assets/images/unified_image2_2026-07-31/game_cg/emotion/emotion_curiosity_900.webp,legacy_vue/public/assets/images/unified_image2_2026-07-31/game_cg/emotion/emotion_curiosity_image2_raw.png,1,0.484,视觉近似候选；可能是合法原稿/规格派生，不能据此删除
legacy_vue/public/assets/images/unified_image2_2026-07-31/game_cg/emotion/emotion_curiosity_900.webp,legacy_vue/public/assets/images/unified_image2_2026-07-31/game_cg/emotion/emotion_soft_1600.webp,5,1.637,视觉近似候选；可能是合法原稿/规格派生，不能据此删除
legacy_vue/public/assets/images/unified_image2_2026-07-31/game_cg/emotion/emotion_curiosity_900.webp,legacy_vue/public/assets/images/unified_image2_2026-07-31/game_cg/emotion/emotion_soft_900.webp,2,1.437,视觉近似候选；可能是合法原稿/规格派生，不能据此删除
legacy_vue/public/assets/images/unified_image2_2026-07-31/game_cg/emotion/emotion_curiosity_900.webp,legacy_vue/public/assets/images/unified_image2_2026-07-31/game_cg/emotion/emotion_soft_image2_raw.png,5,1.595,视觉近似候选；可能是合法原稿/规格派生，不能据此删除
legacy_vue/public/assets/images/unified_image2_2026-07-31/game_cg/emotion/emotion_curiosity_900.webp,legacy_vue/public/assets/images/unified_image2_2026-07-31/game_cg/emotion/emotion_sting_1600.webp,3,1.33,视觉近似候选；可能是合法原稿/规格派生，不能据此删除
legacy_vue/public/assets/images/unified_image2_2026-07-31/game_cg/emotion/emotion_curiosity_900.webp,legacy_vue/public/assets/images/unified_image2_2026-07-31/game_cg/emotion/emotion_sting_900.webp,2,1.105,视觉近似候选；可能是合法原稿/规格派生，不能据此删除
legacy_vue/public/assets/images/unified_image2_2026-07-31/game_cg/emotion/emotion_curiosity_900.webp,legacy_vue/public/assets/images/unified_image2_2026-07-31/game_cg/emotion/emotion_sting_image2_raw.png,4,1.281,视觉近似候选；可能是合法原稿/规格派生，不能据此删除
legacy_vue/public/assets/images/unified_image2_2026-07-31/game_cg/emotion/emotion_curiosity_900.webp,legacy_vue/public/assets/images/unified_image2_2026-07-31/game_cg/emotion/emotion_surprise_1600.webp,4,2.735,视觉近似候选；可能是合法原稿/规格派生，不能据此删除
legacy_vue/public/assets/images/unified_image2_2026-07-31/game_cg/emotion/emotion_curiosity_900.webp,legacy_vue/public/assets/images/unified_image2_2026-07-31/game_cg/emotion/emotion_surprise_900.webp,4,2.701,视觉近似候选；可能是合法原稿/规格派生，不能据此删除
legacy_vue/public/assets/images/unified_image2_2026-07-31/game_cg/emotion/emotion_curiosity_900.webp,legacy_vue/public/assets/images/unified_image2_2026-07-31/game_cg/emotion/emotion_surprise_image2_raw.png,5,2.743,视觉近似候选；可能是合法原稿/规格派生，不能据此删除
legacy_vue/public/assets/images/unified_image2_2026-07-31/game_cg/emotion/emotion_curiosity_900.webp,legacy_vue/public/assets/images/unified_image2_2026-07-31/game_cg/opening/opening_05_1920.webp,4,3.54,视觉近似候选；可能是合法原稿/规格派生，不能据此删除
legacy_vue/public/assets/images/unified_image2_2026-07-31/game_cg/emotion/emotion_curiosity_900.webp,legacy_vue/public/assets/images/unified_image2_2026-07-31/game_cg/state/state_guarded_1600.webp,3,3.507,视觉近似候选；可能是合法原稿/规格派生，不能据此删除
legacy_vue/public/assets/images/unified_image2_2026-07-31/game_cg/emotion/emotion_curiosity_900.webp,legacy_vue/public/assets/images/unified_image2_2026-07-31/game_cg/state/state_guarded_900.webp,3,3.502,视觉近似候选；可能是合法原稿/规格派生，不能据此删除
legacy_vue/public/assets/images/unified_image2_2026-07-31/game_cg/emotion/emotion_curiosity_900.webp,legacy_vue/public/assets/images/unified_image2_2026-07-31/game_cg/state/state_guarded_normal_image2_raw.png,4,3.528,视觉近似候选；可能是合法原稿/规格派生，不能据此删除
legacy_vue/public/assets/images/unified_image2_2026-07-31/game_cg/emotion/emotion_curiosity_900.webp,legacy_vue/public/assets/images/unified_image2_2026-07-31/game_cg/state/state_smoke_1600.webp,3,1.186,视觉近似候选；可能是合法原稿/规格派生，不能据此删除
legacy_vue/public/assets/images/unified_image2_2026-07-31/game_cg/emotion/emotion_curiosity_900.webp,legacy_vue/public/assets/images/unified_image2_2026-07-31/game_cg/state/state_smoke_900.webp,4,0.99,视觉近似候选；可能是合法原稿/规格派生，不能据此删除
legacy_vue/public/assets/images/unified_image2_2026-07-31/game_cg/emotion/emotion_curiosity_900.webp,legacy_vue/public/assets/images/unified_image2_2026-07-31/game_cg/state/state_smoke_image2_raw.png,5,1.14,视觉近似候选；可能是合法原稿/规格派生，不能据此删除
legacy_vue/public/assets/images/unified_image2_2026-07-31/game_cg/emotion/emotion_curiosity_900.webp,legacy_vue/public/assets/images/unified_image2_2026-07-31/game_cg/state/state_wavering_1600.webp,3,2.783,视觉近似候选；可能是合法原稿/规格派生，不能据此删除
legacy_vue/public/assets/images/unified_image2_2026-07-31/game_cg/emotion/emotion_curiosity_900.webp,legacy_vue/public/assets/images/unified_image2_2026-07-31/game_cg/state/state_wavering_900.webp,3,2.759,视觉近似候选；可能是合法原稿/规格派生，不能据此删除
legacy_vue/public/assets/images/unified_image2_2026-07-31/game_cg/emotion/emotion_curiosity_900.webp,legacy_vue/public/assets/images/unified_image2_2026-07-31/game_cg/state/state_wavering_image2_raw.png,4,2.805,视觉近似候选；可能是合法原稿/规格派生，不能据此删除
legacy_vue/public/assets/images/unified_image2_2026-07-31/game_cg/emotion/emotion_curiosity_image2_raw.png,legacy_vue/public/assets/images/unified_image2_2026-07-31/game_cg/emotion/emotion_soft_1600.webp,4,1.441,视觉近似候选；可能是合法原稿/规格派生，不能据此删除
legacy_vue/public/assets/images/unified_image2_2026-07-31/game_cg/emotion/emotion_curiosity_image2_raw.png,legacy_vue/public/assets/images/unified_image2_2026-07-31/game_cg/emotion/emotion_soft_900.webp,1,1.5,视觉近似候选；可能是合法原稿/规格派生，不能据此删除
legacy_vue/public/assets/images/unified_image2_2026-07-31/game_cg/emotion/emotion_curiosity_image2_raw.png,legacy_vue/public/assets/images/unified_image2_2026-07-31/game_cg/emotion/emotion_soft_image2_raw.png,4,1.391,视觉近似候选；可能是合法原稿/规格派生，不能据此删除
legacy_vue/public/assets/images/unified_image2_2026-07-31/game_cg/emotion/emotion_curiosity_image2_raw.png,legacy_vue/public/assets/images/unified_image2_2026-07-31/game_cg/emotion/emotion_sting_1600.webp,4,1.117,视觉近似候选；可能是合法原稿/规格派生，不能据此删除
legacy_vue/public/assets/images/unified_image2_2026-07-31/game_cg/emotion/emotion_curiosity_image2_raw.png,legacy_vue/public/assets/images/unified_image2_2026-07-31/game_cg/emotion/emotion_sting_900.webp,3,1.233,视觉近似候选；可能是合法原稿/规格派生，不能据此删除
legacy_vue/public/assets/images/unified_image2_2026-07-31/game_cg/emotion/emotion_curiosity_image2_raw.png,legacy_vue/public/assets/images/unified_image2_2026-07-31/game_cg/emotion/emotion_sting_image2_raw.png,3,1.058,视觉近似候选；可能是合法原稿/规格派生，不能据此删除
legacy_vue/public/assets/images/unified_image2_2026-07-31/game_cg/emotion/emotion_curiosity_image2_raw.png,legacy_vue/public/assets/images/unified_image2_2026-07-31/game_cg/emotion/emotion_surprise_1600.webp,3,2.738,视觉近似候选；可能是合法原稿/规格派生，不能据此删除
legacy_vue/public/assets/images/unified_image2_2026-07-31/game_cg/emotion/emotion_curiosity_image2_raw.png,legacy_vue/public/assets/images/unified_image2_2026-07-31/game_cg/emotion/emotion_surprise_900.webp,5,2.755,视觉近似候选；可能是合法原稿/规格派生，不能据此删除
legacy_vue/public/assets/images/unified_image2_2026-07-31/game_cg/emotion/emotion_curiosity_image2_raw.png,legacy_vue/public/assets/images/unified_image2_2026-07-31/game_cg/emotion/emotion_surprise_image2_raw.png,4,2.749,视觉近似候选；可能是合法原稿/规格派生，不能据此删除
legacy_vue/public/assets/images/unified_image2_2026-07-31/game_cg/emotion/emotion_curiosity_image2_raw.png,legacy_vue/public/assets/images/unified_image2_2026-07-31/game_cg/opening/opening_05_1920.webp,3,3.573,视觉近似候选；可能是合法原稿/规格派生，不能据此删除
legacy_vue/public/assets/images/unified_image2_2026-07-31/game_cg/emotion/emotion_curiosity_image2_raw.png,legacy_vue/public/assets/images/unified_image2_2026-07-31/game_cg/state/state_guarded_1600.webp,4,3.531,视觉近似候选；可能是合法原稿/规格派生，不能据此删除
legacy_vue/public/assets/images/unified_image2_2026-07-31/game_cg/emotion/emotion_curiosity_image2_raw.png,legacy_vue/public/assets/images/unified_image2_2026-07-31/game_cg/state/state_guarded_900.webp,4,3.55,视觉近似候选；可能是合法原稿/规格派生，不能据此删除
legacy_vue/public/assets/images/unified_image2_2026-07-31/game_cg/emotion/emotion_curiosity_image2_raw.png,legacy_vue/public/assets/images/unified_image2_2026-07-31/game_cg/state/state_guarded_normal_image2_raw.png,3,3.564,视觉近似候选；可能是合法原稿/规格派生，不能据此删除
legacy_vue/public/assets/images/unified_image2_2026-07-31/game_cg/emotion/emotion_curiosity_image2_raw.png,legacy_vue/public/assets/images/unified_image2_2026-07-31/game_cg/state/state_smoke_1600.webp,4,0.96,视觉近似候选；可能是合法原稿/规格派生，不能据此删除
legacy_vue/public/assets/images/unified_image2_2026-07-31/game_cg/emotion/emotion_curiosity_image2_raw.png,legacy_vue/public/assets/images/unified_image2_2026-07-31/game_cg/state/state_smoke_900.webp,5,1.06,视觉近似候选；可能是合法原稿/规格派生，不能据此删除
legacy_vue/public/assets/images/unified_image2_2026-07-31/game_cg/emotion/emotion_curiosity_image2_raw.png,legacy_vue/public/assets/images/unified_image2_2026-07-31/game_cg/state/state_smoke_image2_raw.png,4,0.897,视觉近似候选；可能是合法原稿/规格派生，不能据此删除
legacy_vue/public/assets/images/unified_image2_2026-07-31/game_cg/emotion/emotion_curiosity_image2_raw.png,legacy_vue/public/assets/images/unified_image2_2026-07-31/game_cg/state/state_wavering_1600.webp,4,2.777,视觉近似候选；可能是合法原稿/规格派生，不能据此删除
legacy_vue/public/assets/images/unified_image2_2026-07-31/game_cg/emotion/emotion_curiosity_image2_raw.png,legacy_vue/public/assets/images/unified_image2_2026-07-31/game_cg/state/state_wavering_900.webp,4,2.792,视觉近似候选；可能是合法原稿/规格派生，不能据此删除
legacy_vue/public/assets/images/unified_image2_2026-07-31/game_cg/emotion/emotion_curiosity_image2_raw.png,legacy_vue/public/assets/images/unified_image2_2026-07-31/game_cg/state/state_wavering_image2_raw.png,5,2.8,视觉近似候选；可能是合法原稿/规格派生，不能据此删除
legacy_vue/public/assets/images/unified_image2_2026-07-31/game_cg/emotion/emotion_soft_1600.webp,legacy_vue/public/assets/images/unified_image2_2026-07-31/game_cg/emotion/emotion_soft_900.webp,3,0.529,视觉近似候选；可能是合法原稿/规格派生，不能据此删除
legacy_vue/public/assets/images/unified_image2_2026-07-31/game_cg/emotion/emotion_soft_1600.webp,legacy_vue/public/assets/images/unified_image2_2026-07-31/game_cg/emotion/emotion_soft_image2_raw.png,0,0.235,视觉近似候选；可能是合法原稿/规格派生，不能据此删除
legacy_vue/public/assets/images/unified_image2_2026-07-31/game_cg/emotion/emotion_soft_1600.webp,legacy_vue/public/assets/images/unified_image2_2026-07-31/game_cg/emotion/emotion_sting_1600.webp,4,1.656,视觉近似候选；可能是合法原稿/规格派生，不能据此删除
legacy_vue/public/assets/images/unified_image2_2026-07-31/game_cg/emotion/emotion_soft_1600.webp,legacy_vue/public/assets/images/unified_image2_2026-07-31/game_cg/emotion/emotion_sting_900.webp,5,1.876,视觉近似候选；可能是合法原稿/规格派生，不能据此删除
legacy_vue/public/assets/images/unified_image2_2026-07-31/game_cg/emotion/emotion_soft_1600.webp,legacy_vue/public/assets/images/unified_image2_2026-07-31/game_cg/emotion/emotion_sting_image2_raw.png,3,1.7,视觉近似候选；可能是合法原稿/规格派生，不能据此删除
legacy_vue/public/assets/images/unified_image2_2026-07-31/game_cg/emotion/emotion_soft_1600.webp,legacy_vue/public/assets/images/unified_image2_2026-07-31/game_cg/emotion/emotion_surprise_1600.webp,3,3.827,视觉近似候选；可能是合法原稿/规格派生，不能据此删除
legacy_vue/public/assets/images/unified_image2_2026-07-31/game_cg/emotion/emotion_soft_1600.webp,legacy_vue/public/assets/images/unified_image2_2026-07-31/game_cg/emotion/emotion_surprise_900.webp,3,3.854,视觉近似候选；可能是合法原稿/规格派生，不能据此删除
legacy_vue/public/assets/images/unified_image2_2026-07-31/game_cg/emotion/emotion_soft_1600.webp,legacy_vue/public/assets/images/unified_image2_2026-07-31/game_cg/emotion/emotion_surprise_image2_raw.png,2,3.845,视觉近似候选；可能是合法原稿/规格派生，不能据此删除
legacy_vue/public/assets/images/unified_image2_2026-07-31/game_cg/emotion/emotion_soft_1600.webp,legacy_vue/public/assets/images/unified_image2_2026-07-31/game_cg/opening/opening_05_1920.webp,3,4.645,视觉近似候选；可能是合法原稿/规格派生，不能据此删除
legacy_vue/public/assets/images/unified_image2_2026-07-31/game_cg/emotion/emotion_soft_1600.webp,legacy_vue/public/assets/images/unified_image2_2026-07-31/game_cg/state/state_guarded_1600.webp,4,4.601,视觉近似候选；可能是合法原稿/规格派生，不能据此删除
legacy_vue/public/assets/images/unified_image2_2026-07-31/game_cg/emotion/emotion_soft_1600.webp,legacy_vue/public/assets/images/unified_image2_2026-07-31/game_cg/state/state_guarded_900.webp,4,4.628,视觉近似候选；可能是合法原稿/规格派生，不能据此删除
legacy_vue/public/assets/images/unified_image2_2026-07-31/game_cg/emotion/emotion_soft_1600.webp,legacy_vue/public/assets/images/unified_image2_2026-07-31/game_cg/state/state_guarded_normal_image2_raw.png,3,4.633,视觉近似候选；可能是合法原稿/规格派生，不能据此删除
legacy_vue/public/assets/images/unified_image2_2026-07-31/game_cg/emotion/emotion_soft_1600.webp,legacy_vue/public/assets/images/unified_image2_2026-07-31/game_cg/state/state_smoke_1600.webp,2,1.291,视觉近似候选；可能是合法原稿/规格派生，不能据此删除
legacy_vue/public/assets/images/unified_image2_2026-07-31/game_cg/emotion/emotion_soft_1600.webp,legacy_vue/public/assets/images/unified_image2_2026-07-31/game_cg/state/state_smoke_900.webp,3,1.548,视觉近似候选；可能是合法原稿/规格派生，不能据此删除
legacy_vue/public/assets/images/unified_image2_2026-07-31/game_cg/emotion/emotion_soft_1600.webp,legacy_vue/public/assets/images/unified_image2_2026-07-31/game_cg/state/state_smoke_image2_raw.png,2,1.357,视觉近似候选；可能是合法原稿/规格派生，不能据此删除
legacy_vue/public/assets/images/unified_image2_2026-07-31/game_cg/emotion/emotion_soft_1600.webp,legacy_vue/public/assets/images/unified_image2_2026-07-31/game_cg/state/state_wavering_1600.webp,6,3.775,视觉近似候选；可能是合法原稿/规格派生，不能据此删除
legacy_vue/public/assets/images/unified_image2_2026-07-31/game_cg/emotion/emotion_soft_1600.webp,legacy_vue/public/assets/images/unified_image2_2026-07-31/game_cg/state/state_wavering_900.webp,6,3.801,视觉近似候选；可能是合法原稿/规格派生，不能据此删除
legacy_vue/public/assets/images/unified_image2_2026-07-31/game_cg/emotion/emotion_soft_1600.webp,legacy_vue/public/assets/images/unified_image2_2026-07-31/game_cg/state/state_wavering_image2_raw.png,5,3.808,视觉近似候选；可能是合法原稿/规格派生，不能据此删除
legacy_vue/public/assets/images/unified_image2_2026-07-31/game_cg/emotion/emotion_soft_900.webp,legacy_vue/public/assets/images/unified_image2_2026-07-31/game_cg/emotion/emotion_soft_image2_raw.png,3,0.471,视觉近似候选；可能是合法原稿/规格派生，不能据此删除
legacy_vue/public/assets/images/unified_image2_2026-07-31/game_cg/emotion/emotion_soft_900.webp,legacy_vue/public/assets/images/unified_image2_2026-07-31/game_cg/emotion/emotion_sting_1600.webp,5,1.806,视觉近似候选；可能是合法原稿/规格派生，不能据此删除
legacy_vue/public/assets/images/unified_image2_2026-07-31/game_cg/emotion/emotion_soft_900.webp,legacy_vue/public/assets/images/unified_image2_2026-07-31/game_cg/emotion/emotion_sting_900.webp,4,1.69,视觉近似候选；可能是合法原稿/规格派生，不能据此删除
legacy_vue/public/assets/images/unified_image2_2026-07-31/game_cg/emotion/emotion_soft_900.webp,legacy_vue/public/assets/images/unified_image2_2026-07-31/game_cg/emotion/emotion_sting_image2_raw.png,4,1.769,视觉近似候选；可能是合法原稿/规格派生，不能据此删除
legacy_vue/public/assets/images/unified_image2_2026-07-31/game_cg/emotion/emotion_soft_900.webp,legacy_vue/public/assets/images/unified_image2_2026-07-31/game_cg/emotion/emotion_surprise_1600.webp,2,3.771,视觉近似候选；可能是合法原稿/规格派生，不能据此删除
legacy_vue/public/assets/images/unified_image2_2026-07-31/game_cg/emotion/emotion_soft_900.webp,legacy_vue/public/assets/images/unified_image2_2026-07-31/game_cg/emotion/emotion_surprise_900.webp,4,3.772,视觉近似候选；可能是合法原稿/规格派生，不能据此删除
legacy_vue/public/assets/images/unified_image2_2026-07-31/game_cg/emotion/emotion_soft_900.webp,legacy_vue/public/assets/images/unified_image2_2026-07-31/game_cg/emotion/emotion_surprise_image2_raw.png,3,3.78,视觉近似候选；可能是合法原稿/规格派生，不能据此删除
legacy_vue/public/assets/images/unified_image2_2026-07-31/game_cg/emotion/emotion_soft_900.webp,legacy_vue/public/assets/images/unified_image2_2026-07-31/game_cg/opening/opening_05_1920.webp,2,4.576,视觉近似候选；可能是合法原稿/规格派生，不能据此删除
legacy_vue/public/assets/images/unified_image2_2026-07-31/game_cg/emotion/emotion_soft_900.webp,legacy_vue/public/assets/images/unified_image2_2026-07-31/game_cg/state/state_guarded_1600.webp,3,4.539,视觉近似候选；可能是合法原稿/规格派生，不能据此删除
legacy_vue/public/assets/images/unified_image2_2026-07-31/game_cg/emotion/emotion_soft_900.webp,legacy_vue/public/assets/images/unified_image2_2026-07-31/game_cg/state/state_guarded_900.webp,3,4.554,视觉近似候选；可能是合法原稿/规格派生，不能据此删除
legacy_vue/public/assets/images/unified_image2_2026-07-31/game_cg/emotion/emotion_soft_900.webp,legacy_vue/public/assets/images/unified_image2_2026-07-31/game_cg/state/state_guarded_normal_image2_raw.png,2,4.564,视觉近似候选；可能是合法原稿/规格派生，不能据此删除
legacy_vue/public/assets/images/unified_image2_2026-07-31/game_cg/emotion/emotion_soft_900.webp,legacy_vue/public/assets/images/unified_image2_2026-07-31/game_cg/state/state_smoke_1600.webp,5,1.475,视觉近似候选；可能是合法原稿/规格派生，不能据此删除
legacy_vue/public/assets/images/unified_image2_2026-07-31/game_cg/emotion/emotion_soft_900.webp,legacy_vue/public/assets/images/unified_image2_2026-07-31/game_cg/state/state_smoke_900.webp,4,1.313,视觉近似候选；可能是合法原稿/规格派生，不能据此删除
legacy_vue/public/assets/images/unified_image2_2026-07-31/game_cg/emotion/emotion_soft_900.webp,legacy_vue/public/assets/images/unified_image2_2026-07-31/game_cg/state/state_smoke_image2_raw.png,5,1.445,视觉近似候选；可能是合法原稿/规格派生，不能据此删除
legacy_vue/public/assets/images/unified_image2_2026-07-31/game_cg/emotion/emotion_soft_900.webp,legacy_vue/public/assets/images/unified_image2_2026-07-31/game_cg/state/state_wavering_1600.webp,5,3.732,视觉近似候选；可能是合法原稿/规格派生，不能据此删除
legacy_vue/public/assets/images/unified_image2_2026-07-31/game_cg/emotion/emotion_soft_900.webp,legacy_vue/public/assets/images/unified_image2_2026-07-31/game_cg/state/state_wavering_900.webp,5,3.732,视觉近似候选；可能是合法原稿/规格派生，不能据此删除
legacy_vue/public/assets/images/unified_image2_2026-07-31/game_cg/emotion/emotion_soft_900.webp,legacy_vue/public/assets/images/unified_image2_2026-07-31/game_cg/state/state_wavering_image2_raw.png,6,3.752,视觉近似候选；可能是合法原稿/规格派生，不能据此删除
legacy_vue/public/assets/images/unified_image2_2026-07-31/game_cg/emotion/emotion_soft_image2_raw.png,legacy_vue/public/assets/images/unified_image2_2026-07-31/game_cg/emotion/emotion_sting_1600.webp,4,1.697,视觉近似候选；可能是合法原稿/规格派生，不能据此删除
legacy_vue/public/assets/images/unified_image2_2026-07-31/game_cg/emotion/emotion_soft_image2_raw.png,legacy_vue/public/assets/images/unified_image2_2026-07-31/game_cg/emotion/emotion_sting_900.webp,5,1.836,视觉近似候选；可能是合法原稿/规格派生，不能据此删除
legacy_vue/public/assets/images/unified_image2_2026-07-31/game_cg/emotion/emotion_soft_image2_raw.png,legacy_vue/public/assets/images/unified_image2_2026-07-31/game_cg/emotion/emotion_sting_image2_raw.png,3,1.647,视觉近似候选；可能是合法原稿/规格派生，不能据此删除
legacy_vue/public/assets/images/unified_image2_2026-07-31/game_cg/emotion/emotion_soft_image2_raw.png,legacy_vue/public/assets/images/unified_image2_2026-07-31/game_cg/emotion/emotion_surprise_1600.webp,3,3.803,视觉近似候选；可能是合法原稿/规格派生，不能据此删除
legacy_vue/public/assets/images/unified_image2_2026-07-31/game_cg/emotion/emotion_soft_image2_raw.png,legacy_vue/public/assets/images/unified_image2_2026-07-31/game_cg/emotion/emotion_surprise_900.webp,3,3.828,视觉近似候选；可能是合法原稿/规格派生，不能据此删除
legacy_vue/public/assets/images/unified_image2_2026-07-31/game_cg/emotion/emotion_soft_image2_raw.png,legacy_vue/public/assets/images/unified_image2_2026-07-31/game_cg/emotion/emotion_surprise_image2_raw.png,2,3.819,视觉近似候选；可能是合法原稿/规格派生，不能据此删除
legacy_vue/public/assets/images/unified_image2_2026-07-31/game_cg/emotion/emotion_soft_image2_raw.png,legacy_vue/public/assets/images/unified_image2_2026-07-31/game_cg/opening/opening_05_1920.webp,3,4.622,视觉近似候选；可能是合法原稿/规格派生，不能据此删除
legacy_vue/public/assets/images/unified_image2_2026-07-31/game_cg/emotion/emotion_soft_image2_raw.png,legacy_vue/public/assets/images/unified_image2_2026-07-31/game_cg/state/state_guarded_1600.webp,4,4.578,视觉近似候选；可能是合法原稿/规格派生，不能据此删除
legacy_vue/public/assets/images/unified_image2_2026-07-31/game_cg/emotion/emotion_soft_image2_raw.png,legacy_vue/public/assets/images/unified_image2_2026-07-31/game_cg/state/state_guarded_900.webp,4,4.603,视觉近似候选；可能是合法原稿/规格派生，不能据此删除
legacy_vue/public/assets/images/unified_image2_2026-07-31/game_cg/emotion/emotion_soft_image2_raw.png,legacy_vue/public/assets/images/unified_image2_2026-07-31/game_cg/state/state_guarded_normal_image2_raw.png,3,4.609,视觉近似候选；可能是合法原稿/规格派生，不能据此删除
legacy_vue/public/assets/images/unified_image2_2026-07-31/game_cg/emotion/emotion_soft_image2_raw.png,legacy_vue/public/assets/images/unified_image2_2026-07-31/game_cg/state/state_smoke_1600.webp,2,1.342,视觉近似候选；可能是合法原稿/规格派生，不能据此删除
legacy_vue/public/assets/images/unified_image2_2026-07-31/game_cg/emotion/emotion_soft_image2_raw.png,legacy_vue/public/assets/images/unified_image2_2026-07-31/game_cg/state/state_smoke_900.webp,3,1.497,视觉近似候选；可能是合法原稿/规格派生，不能据此删除
legacy_vue/public/assets/images/unified_image2_2026-07-31/game_cg/emotion/emotion_soft_image2_raw.png,legacy_vue/public/assets/images/unified_image2_2026-07-31/game_cg/state/state_smoke_image2_raw.png,2,1.283,视觉近似候选；可能是合法原稿/规格派生，不能据此删除
legacy_vue/public/assets/images/unified_image2_2026-07-31/game_cg/emotion/emotion_soft_image2_raw.png,legacy_vue/public/assets/images/unified_image2_2026-07-31/game_cg/state/state_wavering_1600.webp,6,3.749,视觉近似候选；可能是合法原稿/规格派生，不能据此删除
legacy_vue/public/assets/images/unified_image2_2026-07-31/game_cg/emotion/emotion_soft_image2_raw.png,legacy_vue/public/assets/images/unified_image2_2026-07-31/game_cg/state/state_wavering_900.webp,6,3.772,视觉近似候选；可能是合法原稿/规格派生，不能据此删除
legacy_vue/public/assets/images/unified_image2_2026-07-31/game_cg/emotion/emotion_soft_image2_raw.png,legacy_vue/public/assets/images/unified_image2_2026-07-31/game_cg/state/state_wavering_image2_raw.png,5,3.78,视觉近似候选；可能是合法原稿/规格派生，不能据此删除
legacy_vue/public/assets/images/unified_image2_2026-07-31/game_cg/emotion/emotion_sting_1600.webp,legacy_vue/public/assets/images/unified_image2_2026-07-31/game_cg/emotion/emotion_sting_900.webp,1,0.566,视觉近似候选；可能是合法原稿/规格派生，不能据此删除
legacy_vue/public/assets/images/unified_image2_2026-07-31/game_cg/emotion/emotion_sting_1600.webp,legacy_vue/public/assets/images/unified_image2_2026-07-31/game_cg/emotion/emotion_sting_image2_raw.png,1,0.255,视觉近似候选；可能是合法原稿/规格派生，不能据此删除
legacy_vue/public/assets/images/unified_image2_2026-07-31/game_cg/emotion/emotion_sting_1600.webp,legacy_vue/public/assets/images/unified_image2_2026-07-31/game_cg/emotion/emotion_surprise_1600.webp,3,2.742,视觉近似候选；可能是合法原稿/规格派生，不能据此删除
legacy_vue/public/assets/images/unified_image2_2026-07-31/game_cg/emotion/emotion_sting_1600.webp,legacy_vue/public/assets/images/unified_image2_2026-07-31/game_cg/emotion/emotion_surprise_900.webp,1,2.779,视觉近似候选；可能是合法原稿/规格派生，不能据此删除
legacy_vue/public/assets/images/unified_image2_2026-07-31/game_cg/emotion/emotion_sting_1600.webp,legacy_vue/public/assets/images/unified_image2_2026-07-31/game_cg/emotion/emotion_surprise_image2_raw.png,2,2.756,视觉近似候选；可能是合法原稿/规格派生，不能据此删除
legacy_vue/public/assets/images/unified_image2_2026-07-31/game_cg/emotion/emotion_sting_1600.webp,legacy_vue/public/assets/images/unified_image2_2026-07-31/game_cg/opening/opening_05_1920.webp,3,3.703,视觉近似候选；可能是合法原稿/规格派生，不能据此删除
legacy_vue/public/assets/images/unified_image2_2026-07-31/game_cg/emotion/emotion_sting_1600.webp,legacy_vue/public/assets/images/unified_image2_2026-07-31/game_cg/state/state_guarded_1600.webp,2,3.674,视觉近似候选；可能是合法原稿/规格派生，不能据此删除
legacy_vue/public/assets/images/unified_image2_2026-07-31/game_cg/emotion/emotion_sting_1600.webp,legacy_vue/public/assets/images/unified_image2_2026-07-31/game_cg/state/state_guarded_900.webp,2,3.698,视觉近似候选；可能是合法原稿/规格派生，不能据此删除
legacy_vue/public/assets/images/unified_image2_2026-07-31/game_cg/emotion/emotion_sting_1600.webp,legacy_vue/public/assets/images/unified_image2_2026-07-31/game_cg/state/state_guarded_normal_image2_raw.png,3,3.707,视觉近似候选；可能是合法原稿/规格派生，不能据此删除
legacy_vue/public/assets/images/unified_image2_2026-07-31/game_cg/emotion/emotion_sting_1600.webp,legacy_vue/public/assets/images/unified_image2_2026-07-31/game_cg/state/state_smoke_1600.webp,2,1.231,视觉近似候选；可能是合法原稿/规格派生，不能据此删除
legacy_vue/public/assets/images/unified_image2_2026-07-31/game_cg/emotion/emotion_sting_1600.webp,legacy_vue/public/assets/images/unified_image2_2026-07-31/game_cg/state/state_smoke_900.webp,5,1.456,视觉近似候选；可能是合法原稿/规格派生，不能据此删除
legacy_vue/public/assets/images/unified_image2_2026-07-31/game_cg/emotion/emotion_sting_1600.webp,legacy_vue/public/assets/images/unified_image2_2026-07-31/game_cg/state/state_smoke_image2_raw.png,4,1.284,视觉近似候选；可能是合法原稿/规格派生，不能据此删除
legacy_vue/public/assets/images/unified_image2_2026-07-31/game_cg/emotion/emotion_sting_1600.webp,legacy_vue/public/assets/images/unified_image2_2026-07-31/game_cg/state/state_wavering_1600.webp,2,2.84,视觉近似候选；可能是合法原稿/规格派生，不能据此删除
legacy_vue/public/assets/images/unified_image2_2026-07-31/game_cg/emotion/emotion_sting_1600.webp,legacy_vue/public/assets/images/unified_image2_2026-07-31/game_cg/state/state_wavering_900.webp,2,2.87,视觉近似候选；可能是合法原稿/规格派生，不能据此删除
legacy_vue/public/assets/images/unified_image2_2026-07-31/game_cg/emotion/emotion_sting_1600.webp,legacy_vue/public/assets/images/unified_image2_2026-07-31/game_cg/state/state_wavering_image2_raw.png,1,2.87,视觉近似候选；可能是合法原稿/规格派生，不能据此删除
legacy_vue/public/assets/images/unified_image2_2026-07-31/game_cg/emotion/emotion_sting_900.webp,legacy_vue/public/assets/images/unified_image2_2026-07-31/game_cg/emotion/emotion_sting_image2_raw.png,2,0.509,视觉近似候选；可能是合法原稿/规格派生，不能据此删除
legacy_vue/public/assets/images/unified_image2_2026-07-31/game_cg/emotion/emotion_sting_900.webp,legacy_vue/public/assets/images/unified_image2_2026-07-31/game_cg/emotion/emotion_surprise_1600.webp,2,2.735,视觉近似候选；可能是合法原稿/规格派生，不能据此删除
legacy_vue/public/assets/images/unified_image2_2026-07-31/game_cg/emotion/emotion_sting_900.webp,legacy_vue/public/assets/images/unified_image2_2026-07-31/game_cg/emotion/emotion_surprise_900.webp,2,2.711,视觉近似候选；可能是合法原稿/规格派生，不能据此删除
legacy_vue/public/assets/images/unified_image2_2026-07-31/game_cg/emotion/emotion_sting_900.webp,legacy_vue/public/assets/images/unified_image2_2026-07-31/game_cg/emotion/emotion_surprise_image2_raw.png,3,2.734,视觉近似候选；可能是合法原稿/规格派生，不能据此删除
legacy_vue/public/assets/images/unified_image2_2026-07-31/game_cg/emotion/emotion_sting_900.webp,legacy_vue/public/assets/images/unified_image2_2026-07-31/game_cg/opening/opening_05_1920.webp,4,3.664,视觉近似候选；可能是合法原稿/规格派生，不能据此删除
legacy_vue/public/assets/images/unified_image2_2026-07-31/game_cg/emotion/emotion_sting_900.webp,legacy_vue/public/assets/images/unified_image2_2026-07-31/game_cg/state/state_guarded_1600.webp,3,3.644,视觉近似候选；可能是合法原稿/规格派生，不能据此删除
legacy_vue/public/assets/images/unified_image2_2026-07-31/game_cg/emotion/emotion_sting_900.webp,legacy_vue/public/assets/images/unified_image2_2026-07-31/game_cg/state/state_guarded_900.webp,3,3.645,视觉近似候选；可能是合法原稿/规格派生，不能据此删除
legacy_vue/public/assets/images/unified_image2_2026-07-31/game_cg/emotion/emotion_sting_900.webp,legacy_vue/public/assets/images/unified_image2_2026-07-31/game_cg/state/state_guarded_normal_image2_raw.png,4,3.667,视觉近似候选；可能是合法原稿/规格派生，不能据此删除
legacy_vue/public/assets/images/unified_image2_2026-07-31/game_cg/emotion/emotion_sting_900.webp,legacy_vue/public/assets/images/unified_image2_2026-07-31/game_cg/state/state_smoke_1600.webp,3,1.465,视觉近似候选；可能是合法原稿/规格派生，不能据此删除
legacy_vue/public/assets/images/unified_image2_2026-07-31/game_cg/emotion/emotion_sting_900.webp,legacy_vue/public/assets/images/unified_image2_2026-07-31/game_cg/state/state_smoke_900.webp,4,1.29,视觉近似候选；可能是合法原稿/规格派生，不能据此删除
legacy_vue/public/assets/images/unified_image2_2026-07-31/game_cg/emotion/emotion_sting_900.webp,legacy_vue/public/assets/images/unified_image2_2026-07-31/game_cg/state/state_smoke_image2_raw.png,5,1.419,视觉近似候选；可能是合法原稿/规格派生，不能据此删除
legacy_vue/public/assets/images/unified_image2_2026-07-31/game_cg/emotion/emotion_sting_900.webp,legacy_vue/public/assets/images/unified_image2_2026-07-31/game_cg/state/state_wavering_1600.webp,3,2.835,视觉近似候选；可能是合法原稿/规格派生，不能据此删除
legacy_vue/public/assets/images/unified_image2_2026-07-31/game_cg/emotion/emotion_sting_900.webp,legacy_vue/public/assets/images/unified_image2_2026-07-31/game_cg/state/state_wavering_900.webp,3,2.826,视觉近似候选；可能是合法原稿/规格派生，不能据此删除
legacy_vue/public/assets/images/unified_image2_2026-07-31/game_cg/emotion/emotion_sting_900.webp,legacy_vue/public/assets/images/unified_image2_2026-07-31/game_cg/state/state_wavering_image2_raw.png,2,2.86,视觉近似候选；可能是合法原稿/规格派生，不能据此删除
legacy_vue/public/assets/images/unified_image2_2026-07-31/game_cg/emotion/emotion_sting_image2_raw.png,legacy_vue/public/assets/images/unified_image2_2026-07-31/game_cg/emotion/emotion_surprise_1600.webp,2,2.727,视觉近似候选；可能是合法原稿/规格派生，不能据此删除
legacy_vue/public/assets/images/unified_image2_2026-07-31/game_cg/emotion/emotion_sting_image2_raw.png,legacy_vue/public/assets/images/unified_image2_2026-07-31/game_cg/emotion/emotion_surprise_900.webp,2,2.754,视觉近似候选；可能是合法原稿/规格派生，不能据此删除
legacy_vue/public/assets/images/unified_image2_2026-07-31/game_cg/emotion/emotion_sting_image2_raw.png,legacy_vue/public/assets/images/unified_image2_2026-07-31/game_cg/emotion/emotion_surprise_image2_raw.png,1,2.729,视觉近似候选；可能是合法原稿/规格派生，不能据此删除
legacy_vue/public/assets/images/unified_image2_2026-07-31/game_cg/emotion/emotion_sting_image2_raw.png,legacy_vue/public/assets/images/unified_image2_2026-07-31/game_cg/opening/opening_05_1920.webp,2,3.673,视觉近似候选；可能是合法原稿/规格派生，不能据此删除
legacy_vue/public/assets/images/unified_image2_2026-07-31/game_cg/emotion/emotion_sting_image2_raw.png,legacy_vue/public/assets/images/unified_image2_2026-07-31/game_cg/state/state_guarded_1600.webp,3,3.645,视觉近似候选；可能是合法原稿/规格派生，不能据此删除
legacy_vue/public/assets/images/unified_image2_2026-07-31/game_cg/emotion/emotion_sting_image2_raw.png,legacy_vue/public/assets/images/unified_image2_2026-07-31/game_cg/state/state_guarded_900.webp,3,3.669,视觉近似候选；可能是合法原稿/规格派生，不能据此删除
legacy_vue/public/assets/images/unified_image2_2026-07-31/game_cg/emotion/emotion_sting_image2_raw.png,legacy_vue/public/assets/images/unified_image2_2026-07-31/game_cg/state/state_guarded_normal_image2_raw.png,2,3.677,视觉近似候选；可能是合法原稿/规格派生，不能据此删除
legacy_vue/public/assets/images/unified_image2_2026-07-31/game_cg/emotion/emotion_sting_image2_raw.png,legacy_vue/public/assets/images/unified_image2_2026-07-31/game_cg/state/state_smoke_1600.webp,3,1.289,视觉近似候选；可能是合法原稿/规格派生，不能据此删除
legacy_vue/public/assets/images/unified_image2_2026-07-31/game_cg/emotion/emotion_sting_image2_raw.png,legacy_vue/public/assets/images/unified_image2_2026-07-31/game_cg/state/state_smoke_900.webp,6,1.414,视觉近似候选；可能是合法原稿/规格派生，不能据此删除
legacy_vue/public/assets/images/unified_image2_2026-07-31/game_cg/emotion/emotion_sting_image2_raw.png,legacy_vue/public/assets/images/unified_image2_2026-07-31/game_cg/state/state_smoke_image2_raw.png,3,1.226,视觉近似候选；可能是合法原稿/规格派生，不能据此删除
legacy_vue/public/assets/images/unified_image2_2026-07-31/game_cg/emotion/emotion_sting_image2_raw.png,legacy_vue/public/assets/images/unified_image2_2026-07-31/game_cg/state/state_wavering_1600.webp,3,2.822,视觉近似候选；可能是合法原稿/规格派生，不能据此删除
legacy_vue/public/assets/images/unified_image2_2026-07-31/game_cg/emotion/emotion_sting_image2_raw.png,legacy_vue/public/assets/images/unified_image2_2026-07-31/game_cg/state/state_wavering_900.webp,3,2.848,视觉近似候选；可能是合法原稿/规格派生，不能据此删除
legacy_vue/public/assets/images/unified_image2_2026-07-31/game_cg/emotion/emotion_sting_image2_raw.png,legacy_vue/public/assets/images/unified_image2_2026-07-31/game_cg/state/state_wavering_image2_raw.png,2,2.843,视觉近似候选；可能是合法原稿/规格派生，不能据此删除
legacy_vue/public/assets/images/unified_image2_2026-07-31/game_cg/emotion/emotion_surprise_1600.webp,legacy_vue/public/assets/images/unified_image2_2026-07-31/game_cg/emotion/emotion_surprise_900.webp,2,0.525,视觉近似候选；可能是合法原稿/规格派生，不能据此删除
legacy_vue/public/assets/images/unified_image2_2026-07-31/game_cg/emotion/emotion_surprise_1600.webp,legacy_vue/public/assets/images/unified_image2_2026-07-31/game_cg/emotion/emotion_surprise_image2_raw.png,1,0.262,视觉近似候选；可能是合法原稿/规格派生，不能据此删除
legacy_vue/public/assets/images/unified_image2_2026-07-31/game_cg/emotion/emotion_surprise_1600.webp,legacy_vue/public/assets/images/unified_image2_2026-07-31/game_cg/opening/opening_05_1920.webp,2,1.57,视觉近似候选；可能是合法原稿/规格派生，不能据此删除
legacy_vue/public/assets/images/unified_image2_2026-07-31/game_cg/emotion/emotion_surprise_1600.webp,legacy_vue/public/assets/images/unified_image2_2026-07-31/game_cg/state/state_guarded_1600.webp,3,1.471,视觉近似候选；可能是合法原稿/规格派生，不能据此删除
legacy_vue/public/assets/images/unified_image2_2026-07-31/game_cg/emotion/emotion_surprise_1600.webp,legacy_vue/public/assets/images/unified_image2_2026-07-31/game_cg/state/state_guarded_900.webp,3,1.637,视觉近似候选；可能是合法原稿/规格派生，不能据此删除
legacy_vue/public/assets/images/unified_image2_2026-07-31/game_cg/emotion/emotion_surprise_1600.webp,legacy_vue/public/assets/images/unified_image2_2026-07-31/game_cg/state/state_guarded_normal_image2_raw.png,2,1.531,视觉近似候选；可能是合法原稿/规格派生，不能据此删除
legacy_vue/public/assets/images/unified_image2_2026-07-31/game_cg/emotion/emotion_surprise_1600.webp,legacy_vue/public/assets/images/unified_image2_2026-07-31/game_cg/state/state_smoke_1600.webp,5,3.13,视觉近似候选；可能是合法原稿/规格派生，不能据此删除
legacy_vue/public/assets/images/unified_image2_2026-07-31/game_cg/emotion/emotion_surprise_1600.webp,legacy_vue/public/assets/images/unified_image2_2026-07-31/game_cg/state/state_smoke_900.webp,4,3.1,视觉近似候选；可能是合法原稿/规格派生，不能据此删除
legacy_vue/public/assets/images/unified_image2_2026-07-31/game_cg/emotion/emotion_surprise_1600.webp,legacy_vue/public/assets/images/unified_image2_2026-07-31/game_cg/state/state_smoke_image2_raw.png,5,3.11,视觉近似候选；可能是合法原稿/规格派生，不能据此删除
legacy_vue/public/assets/images/unified_image2_2026-07-31/game_cg/emotion/emotion_surprise_1600.webp,legacy_vue/public/assets/images/unified_image2_2026-07-31/game_cg/state/state_wavering_1600.webp,5,0.969,视觉近似候选；可能是合法原稿/规格派生，不能据此删除
legacy_vue/public/assets/images/unified_image2_2026-07-31/game_cg/emotion/emotion_surprise_1600.webp,legacy_vue/public/assets/images/unified_image2_2026-07-31/game_cg/state/state_wavering_900.webp,5,1.258,视觉近似候选；可能是合法原稿/规格派生，不能据此删除
legacy_vue/public/assets/images/unified_image2_2026-07-31/game_cg/emotion/emotion_surprise_1600.webp,legacy_vue/public/assets/images/unified_image2_2026-07-31/game_cg/state/state_wavering_image2_raw.png,4,1.049,视觉近似候选；可能是合法原稿/规格派生，不能据此删除
legacy_vue/public/assets/images/unified_image2_2026-07-31/game_cg/emotion/emotion_surprise_900.webp,legacy_vue/public/assets/images/unified_image2_2026-07-31/game_cg/emotion/emotion_surprise_image2_raw.png,1,0.469,视觉近似候选；可能是合法原稿/规格派生，不能据此删除
legacy_vue/public/assets/images/unified_image2_2026-07-31/game_cg/emotion/emotion_surprise_900.webp,legacy_vue/public/assets/images/unified_image2_2026-07-31/game_cg/opening/opening_05_1920.webp,2,1.628,视觉近似候选；可能是合法原稿/规格派生，不能据此删除
legacy_vue/public/assets/images/unified_image2_2026-07-31/game_cg/emotion/emotion_surprise_900.webp,legacy_vue/public/assets/images/unified_image2_2026-07-31/game_cg/state/state_guarded_1600.webp,1,1.621,视觉近似候选；可能是合法原稿/规格派生，不能据此删除
legacy_vue/public/assets/images/unified_image2_2026-07-31/game_cg/emotion/emotion_surprise_900.webp,legacy_vue/public/assets/images/unified_image2_2026-07-31/game_cg/state/state_guarded_900.webp,1,1.518,视觉近似候选；可能是合法原稿/规格派生，不能据此删除
legacy_vue/public/assets/images/unified_image2_2026-07-31/game_cg/emotion/emotion_surprise_900.webp,legacy_vue/public/assets/images/unified_image2_2026-07-31/game_cg/state/state_guarded_normal_image2_raw.png,2,1.606,视觉近似候选；可能是合法原稿/规格派生，不能据此删除
legacy_vue/public/assets/images/unified_image2_2026-07-31/game_cg/emotion/emotion_surprise_900.webp,legacy_vue/public/assets/images/unified_image2_2026-07-31/game_cg/state/state_smoke_1600.webp,3,3.166,视觉近似候选；可能是合法原稿/规格派生，不能据此删除
legacy_vue/public/assets/images/unified_image2_2026-07-31/game_cg/emotion/emotion_surprise_900.webp,legacy_vue/public/assets/images/unified_image2_2026-07-31/game_cg/state/state_smoke_900.webp,4,3.082,视觉近似候选；可能是合法原稿/规格派生，不能据此删除
legacy_vue/public/assets/images/unified_image2_2026-07-31/game_cg/emotion/emotion_surprise_900.webp,legacy_vue/public/assets/images/unified_image2_2026-07-31/game_cg/state/state_smoke_image2_raw.png,5,3.138,视觉近似候选；可能是合法原稿/规格派生，不能据此删除
legacy_vue/public/assets/images/unified_image2_2026-07-31/game_cg/emotion/emotion_surprise_900.webp,legacy_vue/public/assets/images/unified_image2_2026-07-31/game_cg/state/state_wavering_1600.webp,3,1.21,视觉近似候选；可能是合法原稿/规格派生，不能据此删除
legacy_vue/public/assets/images/unified_image2_2026-07-31/game_cg/emotion/emotion_surprise_900.webp,legacy_vue/public/assets/images/unified_image2_2026-07-31/game_cg/state/state_wavering_900.webp,3,1.001,视觉近似候选；可能是合法原稿/规格派生，不能据此删除
legacy_vue/public/assets/images/unified_image2_2026-07-31/game_cg/emotion/emotion_surprise_900.webp,legacy_vue/public/assets/images/unified_image2_2026-07-31/game_cg/state/state_wavering_image2_raw.png,2,1.16,视觉近似候选；可能是合法原稿/规格派生，不能据此删除
legacy_vue/public/assets/images/unified_image2_2026-07-31/game_cg/emotion/emotion_surprise_image2_raw.png,legacy_vue/public/assets/images/unified_image2_2026-07-31/game_cg/opening/opening_05_1920.webp,1,1.519,视觉近似候选；可能是合法原稿/规格派生，不能据此删除
legacy_vue/public/assets/images/unified_image2_2026-07-31/game_cg/emotion/emotion_surprise_image2_raw.png,legacy_vue/public/assets/images/unified_image2_2026-07-31/game_cg/state/state_guarded_1600.webp,2,1.496,视觉近似候选；可能是合法原稿/规格派生，不能据此删除
legacy_vue/public/assets/images/unified_image2_2026-07-31/game_cg/emotion/emotion_surprise_image2_raw.png,legacy_vue/public/assets/images/unified_image2_2026-07-31/game_cg/state/state_guarded_900.webp,2,1.589,视觉近似候选；可能是合法原稿/规格派生，不能据此删除
legacy_vue/public/assets/images/unified_image2_2026-07-31/game_cg/emotion/emotion_surprise_image2_raw.png,legacy_vue/public/assets/images/unified_image2_2026-07-31/game_cg/state/state_guarded_normal_image2_raw.png,1,1.477,视觉近似候选；可能是合法原稿/规格派生，不能据此删除
legacy_vue/public/assets/images/unified_image2_2026-07-31/game_cg/emotion/emotion_surprise_image2_raw.png,legacy_vue/public/assets/images/unified_image2_2026-07-31/game_cg/state/state_smoke_1600.webp,4,3.15,视觉近似候选；可能是合法原稿/规格派生，不能据此删除
legacy_vue/public/assets/images/unified_image2_2026-07-31/game_cg/emotion/emotion_surprise_image2_raw.png,legacy_vue/public/assets/images/unified_image2_2026-07-31/game_cg/state/state_smoke_900.webp,5,3.107,视觉近似候选；可能是合法原稿/规格派生，不能据此删除
legacy_vue/public/assets/images/unified_image2_2026-07-31/game_cg/emotion/emotion_surprise_image2_raw.png,legacy_vue/public/assets/images/unified_image2_2026-07-31/game_cg/state/state_smoke_image2_raw.png,4,3.126,视觉近似候选；可能是合法原稿/规格派生，不能据此删除
legacy_vue/public/assets/images/unified_image2_2026-07-31/game_cg/emotion/emotion_surprise_image2_raw.png,legacy_vue/public/assets/images/unified_image2_2026-07-31/game_cg/state/state_wavering_1600.webp,4,1.055,视觉近似候选；可能是合法原稿/规格派生，不能据此删除
legacy_vue/public/assets/images/unified_image2_2026-07-31/game_cg/emotion/emotion_surprise_image2_raw.png,legacy_vue/public/assets/images/unified_image2_2026-07-31/game_cg/state/state_wavering_900.webp,4,1.208,视觉近似候选；可能是合法原稿/规格派生，不能据此删除
legacy_vue/public/assets/images/unified_image2_2026-07-31/game_cg/emotion/emotion_surprise_image2_raw.png,legacy_vue/public/assets/images/unified_image2_2026-07-31/game_cg/state/state_wavering_image2_raw.png,3,0.969,视觉近似候选；可能是合法原稿/规格派生，不能据此删除
legacy_vue/public/assets/images/unified_image2_2026-07-31/game_cg/ending/death_01_1600.webp,legacy_vue/public/assets/images/unified_image2_2026-07-31/game_cg/ending/death_01_900.webp,1,0.49,视觉近似候选；可能是合法原稿/规格派生，不能据此删除
legacy_vue/public/assets/images/unified_image2_2026-07-31/game_cg/ending/death_01_1600.webp,legacy_vue/public/assets/images/unified_image2_2026-07-31/game_cg/ending/death_01_camera_lowered_image2_raw.png,0,0.258,视觉近似候选；可能是合法原稿/规格派生，不能据此删除
legacy_vue/public/assets/images/unified_image2_2026-07-31/game_cg/ending/death_01_900.webp,legacy_vue/public/assets/images/unified_image2_2026-07-31/game_cg/ending/death_01_camera_lowered_image2_raw.png,1,0.396,视觉近似候选；可能是合法原稿/规格派生，不能据此删除
legacy_vue/public/assets/images/unified_image2_2026-07-31/game_cg/ending/death_02_1600.webp,legacy_vue/public/assets/images/unified_image2_2026-07-31/game_cg/ending/death_02_900.webp,0,0.415,视觉近似候选；可能是合法原稿/规格派生，不能据此删除
legacy_vue/public/assets/images/unified_image2_2026-07-31/game_cg/ending/death_02_1600.webp,legacy_vue/public/assets/images/unified_image2_2026-07-31/game_cg/ending/death_02_camera_on_floor_image2_raw.png,0,0.221,视觉近似候选；可能是合法原稿/规格派生，不能据此删除
legacy_vue/public/assets/images/unified_image2_2026-07-31/game_cg/ending/death_02_900.webp,legacy_vue/public/assets/images/unified_image2_2026-07-31/game_cg/ending/death_02_camera_on_floor_image2_raw.png,0,0.35,视觉近似候选；可能是合法原稿/规格派生，不能据此删除
legacy_vue/public/assets/images/unified_image2_2026-07-31/game_cg/ending/death_03_1600.webp,legacy_vue/public/assets/images/unified_image2_2026-07-31/game_cg/ending/death_03_900.webp,2,0.449,视觉近似候选；可能是合法原稿/规格派生，不能据此删除
legacy_vue/public/assets/images/unified_image2_2026-07-31/game_cg/ending/death_03_1600.webp,legacy_vue/public/assets/images/unified_image2_2026-07-31/game_cg/ending/death_03_empty_low_image2_raw.png,1,0.215,视觉近似候选；可能是合法原稿/规格派生，不能据此删除
legacy_vue/public/assets/images/unified_image2_2026-07-31/game_cg/ending/death_03_900.webp,legacy_vue/public/assets/images/unified_image2_2026-07-31/game_cg/ending/death_03_empty_low_image2_raw.png,3,0.396,视觉近似候选；可能是合法原稿/规格派生，不能据此删除
legacy_vue/public/assets/images/unified_image2_2026-07-31/game_cg/ending/death_04_1600.webp,legacy_vue/public/assets/images/unified_image2_2026-07-31/game_cg/ending/death_04_900.webp,0,0.304,视觉近似候选；可能是合法原稿/规格派生，不能据此删除
legacy_vue/public/assets/images/unified_image2_2026-07-31/game_cg/ending/death_04_1600.webp,legacy_vue/public/assets/images/unified_image2_2026-07-31/game_cg/ending/death_04_empty_wide_image2_raw.png,0,0.137,视觉近似候选；可能是合法原稿/规格派生，不能据此删除
legacy_vue/public/assets/images/unified_image2_2026-07-31/game_cg/ending/death_04_900.webp,legacy_vue/public/assets/images/unified_image2_2026-07-31/game_cg/ending/death_04_empty_wide_image2_raw.png,0,0.275,视觉近似候选；可能是合法原稿/规格派生，不能据此删除
legacy_vue/public/assets/images/unified_image2_2026-07-31/game_cg/ending/death_05_1600.webp,legacy_vue/public/assets/images/unified_image2_2026-07-31/game_cg/ending/death_05_900.webp,1,0.481,视觉近似候选；可能是合法原稿/规格派生，不能据此删除
legacy_vue/public/assets/images/unified_image2_2026-07-31/game_cg/ending/death_05_1600.webp,legacy_vue/public/assets/images/unified_image2_2026-07-31/game_cg/state/state_turn_back_1600.webp,6,2.79,视觉近似候选；可能是合法原稿/规格派生，不能据此删除
legacy_vue/public/assets/images/unified_image2_2026-07-31/game_cg/ending/death_05_1600.webp,legacy_vue/public/assets/images/unified_image2_2026-07-31/game_cg/state/state_turn_back_900.webp,6,2.886,视觉近似候选；可能是合法原稿/规格派生，不能据此删除
legacy_vue/public/assets/images/unified_image2_2026-07-31/game_cg/ending/death_05_900.webp,legacy_vue/public/assets/images/unified_image2_2026-07-31/pv/pv_03_turn_back_1920x1080.webp,6,3.43,视觉近似候选；可能是合法原稿/规格派生，不能据此删除
legacy_vue/public/assets/images/unified_image2_2026-07-31/game_cg/ending/death_05_900.webp,legacy_vue/public/assets/images/unified_image2_2026-07-31/pv/pv_03_turn_back_image2_raw.png,6,3.413,视觉近似候选；可能是合法原稿/规格派生，不能据此删除
legacy_vue/public/assets/images/unified_image2_2026-07-31/game_cg/ending/end_acquaintance_1600.webp,legacy_vue/public/assets/images/unified_image2_2026-07-31/game_cg/ending/end_acquaintance_900.webp,1,0.416,视觉近似候选；可能是合法原稿/规格派生，不能据此删除
legacy_vue/public/assets/images/unified_image2_2026-07-31/game_cg/ending/end_disappear_1600.webp,legacy_vue/public/assets/images/unified_image2_2026-07-31/game_cg/ending/end_disappear_900.webp,1,0.468,视觉近似候选；可能是合法原稿/规格派生，不能据此删除
legacy_vue/public/assets/images/unified_image2_2026-07-31/game_cg/opening/opening_01_1920.webp,legacy_vue/public/assets/images/unified_image2_2026-07-31/game_cg/opening/opening_01_stair_door_image2_raw.png,0,0.224,视觉近似候选；可能是合法原稿/规格派生，不能据此删除
legacy_vue/public/assets/images/unified_image2_2026-07-31/game_cg/opening/opening_01_1920.webp,legacy_vue/public/assets/images/unified_image2_2026-07-31/game_cg/opening/opening_02_1920.webp,3,5.869,视觉近似候选；可能是合法原稿/规格派生，不能据此删除
legacy_vue/public/assets/images/unified_image2_2026-07-31/game_cg/opening/opening_01_1920.webp,legacy_vue/public/assets/images/unified_image2_2026-07-31/game_cg/opening/opening_02_door_ajar_image2_raw.png,3,5.882,视觉近似候选；可能是合法原稿/规格派生，不能据此删除
legacy_vue/public/assets/images/unified_image2_2026-07-31/game_cg/opening/opening_01_stair_door_image2_raw.png,legacy_vue/public/assets/images/unified_image2_2026-07-31/game_cg/opening/opening_02_1920.webp,3,5.834,视觉近似候选；可能是合法原稿/规格派生，不能据此删除
legacy_vue/public/assets/images/unified_image2_2026-07-31/game_cg/opening/opening_01_stair_door_image2_raw.png,legacy_vue/public/assets/images/unified_image2_2026-07-31/game_cg/opening/opening_02_door_ajar_image2_raw.png,3,5.847,视觉近似候选；可能是合法原稿/规格派生，不能据此删除
legacy_vue/public/assets/images/unified_image2_2026-07-31/game_cg/opening/opening_02_1920.webp,legacy_vue/public/assets/images/unified_image2_2026-07-31/game_cg/opening/opening_02_door_ajar_image2_raw.png,0,0.22,视觉近似候选；可能是合法原稿/规格派生，不能据此删除
legacy_vue/public/assets/images/unified_image2_2026-07-31/game_cg/opening/opening_03_1920.webp,legacy_vue/public/assets/images/unified_image2_2026-07-31/game_cg/opening/opening_03_rooftop_entry_image2_raw.png,2,0.277,视觉近似候选；可能是合法原稿/规格派生，不能据此删除
legacy_vue/public/assets/images/unified_image2_2026-07-31/game_cg/opening/opening_04_1920.webp,legacy_vue/public/assets/images/unified_image2_2026-07-31/game_cg/opening/opening_04_cautious_approach_image2_raw.png,0,0.264,视觉近似候选；可能是合法原稿/规格派生，不能据此删除
legacy_vue/public/assets/images/unified_image2_2026-07-31/game_cg/opening/opening_05_1920.webp,legacy_vue/public/assets/images/unified_image2_2026-07-31/game_cg/state/state_guarded_1600.webp,1,0.406,视觉近似候选；可能是合法原稿/规格派生，不能据此删除
legacy_vue/public/assets/images/unified_image2_2026-07-31/game_cg/opening/opening_05_1920.webp,legacy_vue/public/assets/images/unified_image2_2026-07-31/game_cg/state/state_guarded_900.webp,1,0.551,视觉近似候选；可能是合法原稿/规格派生，不能据此删除
legacy_vue/public/assets/images/unified_image2_2026-07-31/game_cg/opening/opening_05_1920.webp,legacy_vue/public/assets/images/unified_image2_2026-07-31/game_cg/state/state_guarded_normal_image2_raw.png,0,0.306,视觉近似候选；可能是合法原稿/规格派生，不能据此删除
legacy_vue/public/assets/images/unified_image2_2026-07-31/game_cg/opening/opening_05_1920.webp,legacy_vue/public/assets/images/unified_image2_2026-07-31/game_cg/state/state_smoke_1600.webp,5,3.917,视觉近似候选；可能是合法原稿/规格派生，不能据此删除
legacy_vue/public/assets/images/unified_image2_2026-07-31/game_cg/opening/opening_05_1920.webp,legacy_vue/public/assets/images/unified_image2_2026-07-31/game_cg/state/state_smoke_900.webp,6,3.864,视觉近似候选；可能是合法原稿/规格派生，不能据此删除
legacy_vue/public/assets/images/unified_image2_2026-07-31/game_cg/opening/opening_05_1920.webp,legacy_vue/public/assets/images/unified_image2_2026-07-31/game_cg/state/state_smoke_image2_raw.png,5,3.891,视觉近似候选；可能是合法原稿/规格派生，不能据此删除
legacy_vue/public/assets/images/unified_image2_2026-07-31/game_cg/opening/opening_05_1920.webp,legacy_vue/public/assets/images/unified_image2_2026-07-31/game_cg/state/state_wavering_1600.webp,3,1.58,视觉近似候选；可能是合法原稿/规格派生，不能据此删除
legacy_vue/public/assets/images/unified_image2_2026-07-31/game_cg/opening/opening_05_1920.webp,legacy_vue/public/assets/images/unified_image2_2026-07-31/game_cg/state/state_wavering_900.webp,3,1.634,视觉近似候选；可能是合法原稿/规格派生，不能据此删除
legacy_vue/public/assets/images/unified_image2_2026-07-31/game_cg/opening/opening_05_1920.webp,legacy_vue/public/assets/images/unified_image2_2026-07-31/game_cg/state/state_wavering_image2_raw.png,4,1.531,视觉近似候选；可能是合法原稿/规格派生，不能据此删除
legacy_vue/public/assets/images/unified_image2_2026-07-31/game_cg/state/state_edge_1600.webp,legacy_vue/public/assets/images/unified_image2_2026-07-31/game_cg/state/state_edge_900.webp,2,0.431,视觉近似候选；可能是合法原稿/规格派生，不能据此删除
legacy_vue/public/assets/images/unified_image2_2026-07-31/game_cg/state/state_edge_1600.webp,legacy_vue/public/assets/images/unified_image2_2026-07-31/game_cg/state/state_turn_back_1600.webp,3,1.01,视觉近似候选；可能是合法原稿/规格派生，不能据此删除
legacy_vue/public/assets/images/unified_image2_2026-07-31/game_cg/state/state_edge_1600.webp,legacy_vue/public/assets/images/unified_image2_2026-07-31/game_cg/state/state_turn_back_900.webp,3,1.106,视觉近似候选；可能是合法原稿/规格派生，不能据此删除
legacy_vue/public/assets/images/unified_image2_2026-07-31/game_cg/state/state_edge_1600.webp,legacy_vue/public/assets/images/unified_image2_2026-07-31/pv/pv_03_turn_back_1920x1080.webp,6,2.79,视觉近似候选；可能是合法原稿/规格派生，不能据此删除
legacy_vue/public/assets/images/unified_image2_2026-07-31/game_cg/state/state_edge_900.webp,legacy_vue/public/assets/images/unified_image2_2026-07-31/game_cg/state/state_turn_back_1600.webp,5,1.156,视觉近似候选；可能是合法原稿/规格派生，不能据此删除
legacy_vue/public/assets/images/unified_image2_2026-07-31/game_cg/state/state_edge_900.webp,legacy_vue/public/assets/images/unified_image2_2026-07-31/game_cg/state/state_turn_back_900.webp,5,1.037,视觉近似候选；可能是合法原稿/规格派生，不能据此删除
legacy_vue/public/assets/images/unified_image2_2026-07-31/game_cg/state/state_guarded_1600.webp,legacy_vue/public/assets/images/unified_image2_2026-07-31/game_cg/state/state_guarded_900.webp,0,0.562,视觉近似候选；可能是合法原稿/规格派生，不能据此删除
legacy_vue/public/assets/images/unified_image2_2026-07-31/game_cg/state/state_guarded_1600.webp,legacy_vue/public/assets/images/unified_image2_2026-07-31/game_cg/state/state_guarded_normal_image2_raw.png,1,0.279,视觉近似候选；可能是合法原稿/规格派生，不能据此删除
legacy_vue/public/assets/images/unified_image2_2026-07-31/game_cg/state/state_guarded_1600.webp,legacy_vue/public/assets/images/unified_image2_2026-07-31/game_cg/state/state_smoke_1600.webp,4,3.869,视觉近似候选；可能是合法原稿/规格派生，不能据此删除
legacy_vue/public/assets/images/unified_image2_2026-07-31/game_cg/state/state_guarded_1600.webp,legacy_vue/public/assets/images/unified_image2_2026-07-31/game_cg/state/state_smoke_900.webp,5,3.827,视觉近似候选；可能是合法原稿/规格派生，不能据此删除
legacy_vue/public/assets/images/unified_image2_2026-07-31/game_cg/state/state_guarded_1600.webp,legacy_vue/public/assets/images/unified_image2_2026-07-31/game_cg/state/state_smoke_image2_raw.png,6,3.845,视觉近似候选；可能是合法原稿/规格派生，不能据此删除
legacy_vue/public/assets/images/unified_image2_2026-07-31/game_cg/state/state_guarded_1600.webp,legacy_vue/public/assets/images/unified_image2_2026-07-31/game_cg/state/state_wavering_1600.webp,2,1.486,视觉近似候选；可能是合法原稿/规格派生，不能据此删除
legacy_vue/public/assets/images/unified_image2_2026-07-31/game_cg/state/state_guarded_1600.webp,legacy_vue/public/assets/images/unified_image2_2026-07-31/game_cg/state/state_wavering_900.webp,2,1.64,视觉近似候选；可能是合法原稿/规格派生，不能据此删除
legacy_vue/public/assets/images/unified_image2_2026-07-31/game_cg/state/state_guarded_1600.webp,legacy_vue/public/assets/images/unified_image2_2026-07-31/game_cg/state/state_wavering_image2_raw.png,3,1.508,视觉近似候选；可能是合法原稿/规格派生，不能据此删除
legacy_vue/public/assets/images/unified_image2_2026-07-31/game_cg/state/state_guarded_900.webp,legacy_vue/public/assets/images/unified_image2_2026-07-31/game_cg/state/state_guarded_normal_image2_raw.png,1,0.507,视觉近似候选；可能是合法原稿/规格派生，不能据此删除
legacy_vue/public/assets/images/unified_image2_2026-07-31/game_cg/state/state_guarded_900.webp,legacy_vue/public/assets/images/unified_image2_2026-07-31/game_cg/state/state_smoke_1600.webp,4,3.896,视觉近似候选；可能是合法原稿/规格派生，不能据此删除
legacy_vue/public/assets/images/unified_image2_2026-07-31/game_cg/state/state_guarded_900.webp,legacy_vue/public/assets/images/unified_image2_2026-07-31/game_cg/state/state_smoke_900.webp,5,3.833,视觉近似候选；可能是合法原稿/规格派生，不能据此删除
legacy_vue/public/assets/images/unified_image2_2026-07-31/game_cg/state/state_guarded_900.webp,legacy_vue/public/assets/images/unified_image2_2026-07-31/game_cg/state/state_smoke_image2_raw.png,6,3.87,视觉近似候选；可能是合法原稿/规格派生，不能据此删除
legacy_vue/public/assets/images/unified_image2_2026-07-31/game_cg/state/state_guarded_900.webp,legacy_vue/public/assets/images/unified_image2_2026-07-31/game_cg/state/state_wavering_1600.webp,2,1.644,视觉近似候选；可能是合法原稿/规格派生，不能据此删除
legacy_vue/public/assets/images/unified_image2_2026-07-31/game_cg/state/state_guarded_900.webp,legacy_vue/public/assets/images/unified_image2_2026-07-31/game_cg/state/state_wavering_900.webp,2,1.541,视觉近似候选；可能是合法原稿/规格派生，不能据此删除
legacy_vue/public/assets/images/unified_image2_2026-07-31/game_cg/state/state_guarded_900.webp,legacy_vue/public/assets/images/unified_image2_2026-07-31/game_cg/state/state_wavering_image2_raw.png,3,1.596,视觉近似候选；可能是合法原稿/规格派生，不能据此删除
legacy_vue/public/assets/images/unified_image2_2026-07-31/game_cg/state/state_guarded_normal_image2_raw.png,legacy_vue/public/assets/images/unified_image2_2026-07-31/game_cg/state/state_smoke_1600.webp,5,3.903,视觉近似候选；可能是合法原稿/规格派生，不能据此删除
legacy_vue/public/assets/images/unified_image2_2026-07-31/game_cg/state/state_guarded_normal_image2_raw.png,legacy_vue/public/assets/images/unified_image2_2026-07-31/game_cg/state/state_smoke_900.webp,6,3.852,视觉近似候选；可能是合法原稿/规格派生，不能据此删除
legacy_vue/public/assets/images/unified_image2_2026-07-31/game_cg/state/state_guarded_normal_image2_raw.png,legacy_vue/public/assets/images/unified_image2_2026-07-31/game_cg/state/state_smoke_image2_raw.png,5,3.878,视觉近似候选；可能是合法原稿/规格派生，不能据此删除
legacy_vue/public/assets/images/unified_image2_2026-07-31/game_cg/state/state_guarded_normal_image2_raw.png,legacy_vue/public/assets/images/unified_image2_2026-07-31/game_cg/state/state_wavering_1600.webp,3,1.533,视觉近似候选；可能是合法原稿/规格派生，不能据此删除
legacy_vue/public/assets/images/unified_image2_2026-07-31/game_cg/state/state_guarded_normal_image2_raw.png,legacy_vue/public/assets/images/unified_image2_2026-07-31/game_cg/state/state_wavering_900.webp,3,1.615,视觉近似候选；可能是合法原稿/规格派生，不能据此删除
legacy_vue/public/assets/images/unified_image2_2026-07-31/game_cg/state/state_guarded_normal_image2_raw.png,legacy_vue/public/assets/images/unified_image2_2026-07-31/game_cg/state/state_wavering_image2_raw.png,4,1.477,视觉近似候选；可能是合法原稿/规格派生，不能据此删除
legacy_vue/public/assets/images/unified_image2_2026-07-31/game_cg/state/state_smoke_1600.webp,legacy_vue/public/assets/images/unified_image2_2026-07-31/game_cg/state/state_smoke_900.webp,3,0.534,视觉近似候选；可能是合法原稿/规格派生，不能据此删除
legacy_vue/public/assets/images/unified_image2_2026-07-31/game_cg/state/state_smoke_1600.webp,legacy_vue/public/assets/images/unified_image2_2026-07-31/game_cg/state/state_smoke_image2_raw.png,2,0.249,视觉近似候选；可能是合法原稿/规格派生，不能据此删除
legacy_vue/public/assets/images/unified_image2_2026-07-31/game_cg/state/state_smoke_1600.webp,legacy_vue/public/assets/images/unified_image2_2026-07-31/game_cg/state/state_wavering_1600.webp,4,3.157,视觉近似候选；可能是合法原稿/规格派生，不能据此删除
legacy_vue/public/assets/images/unified_image2_2026-07-31/game_cg/state/state_smoke_1600.webp,legacy_vue/public/assets/images/unified_image2_2026-07-31/game_cg/state/state_wavering_900.webp,4,3.18,视觉近似候选；可能是合法原稿/规格派生，不能据此删除
legacy_vue/public/assets/images/unified_image2_2026-07-31/game_cg/state/state_smoke_1600.webp,legacy_vue/public/assets/images/unified_image2_2026-07-31/game_cg/state/state_wavering_image2_raw.png,3,3.189,视觉近似候选；可能是合法原稿/规格派生，不能据此删除
legacy_vue/public/assets/images/unified_image2_2026-07-31/game_cg/state/state_smoke_900.webp,legacy_vue/public/assets/images/unified_image2_2026-07-31/game_cg/state/state_smoke_image2_raw.png,3,0.48,视觉近似候选；可能是合法原稿/规格派生，不能据此删除
legacy_vue/public/assets/images/unified_image2_2026-07-31/game_cg/state/state_smoke_900.webp,legacy_vue/public/assets/images/unified_image2_2026-07-31/game_cg/state/state_wavering_image2_raw.png,6,3.153,视觉近似候选；可能是合法原稿/规格派生，不能据此删除
legacy_vue/public/assets/images/unified_image2_2026-07-31/game_cg/state/state_smoke_image2_raw.png,legacy_vue/public/assets/images/unified_image2_2026-07-31/game_cg/state/state_wavering_1600.webp,6,3.137,视觉近似候选；可能是合法原稿/规格派生，不能据此删除
legacy_vue/public/assets/images/unified_image2_2026-07-31/game_cg/state/state_smoke_image2_raw.png,legacy_vue/public/assets/images/unified_image2_2026-07-31/game_cg/state/state_wavering_900.webp,6,3.151,视觉近似候选；可能是合法原稿/规格派生，不能据此删除
legacy_vue/public/assets/images/unified_image2_2026-07-31/game_cg/state/state_smoke_image2_raw.png,legacy_vue/public/assets/images/unified_image2_2026-07-31/game_cg/state/state_wavering_image2_raw.png,5,3.163,视觉近似候选；可能是合法原稿/规格派生，不能据此删除
legacy_vue/public/assets/images/unified_image2_2026-07-31/game_cg/state/state_turn_back_1600.webp,legacy_vue/public/assets/images/unified_image2_2026-07-31/game_cg/state/state_turn_back_900.webp,0,0.442,视觉近似候选；可能是合法原稿/规格派生，不能据此删除
legacy_vue/public/assets/images/unified_image2_2026-07-31/game_cg/state/state_turn_back_1600.webp,legacy_vue/public/assets/images/unified_image2_2026-07-31/pv/pv_03_turn_back_1920x1080.webp,3,2.683,视觉近似候选；可能是合法原稿/规格派生，不能据此删除
legacy_vue/public/assets/images/unified_image2_2026-07-31/game_cg/state/state_turn_back_1600.webp,legacy_vue/public/assets/images/unified_image2_2026-07-31/pv/pv_03_turn_back_image2_raw.png,5,2.642,视觉近似候选；可能是合法原稿/规格派生，不能据此删除
legacy_vue/public/assets/images/unified_image2_2026-07-31/game_cg/state/state_turn_back_900.webp,legacy_vue/public/assets/images/unified_image2_2026-07-31/pv/pv_03_turn_back_1920x1080.webp,3,2.731,视觉近似候选；可能是合法原稿/规格派生，不能据此删除
legacy_vue/public/assets/images/unified_image2_2026-07-31/game_cg/state/state_turn_back_900.webp,legacy_vue/public/assets/images/unified_image2_2026-07-31/pv/pv_03_turn_back_image2_raw.png,5,2.701,视觉近似候选；可能是合法原稿/规格派生，不能据此删除
legacy_vue/public/assets/images/unified_image2_2026-07-31/game_cg/state/state_wavering_1600.webp,legacy_vue/public/assets/images/unified_image2_2026-07-31/game_cg/state/state_wavering_900.webp,0,0.549,视觉近似候选；可能是合法原稿/规格派生，不能据此删除
legacy_vue/public/assets/images/unified_image2_2026-07-31/game_cg/state/state_wavering_1600.webp,legacy_vue/public/assets/images/unified_image2_2026-07-31/game_cg/state/state_wavering_image2_raw.png,1,0.25,视觉近似候选；可能是合法原稿/规格派生，不能据此删除
legacy_vue/public/assets/images/unified_image2_2026-07-31/game_cg/state/state_wavering_900.webp,legacy_vue/public/assets/images/unified_image2_2026-07-31/game_cg/state/state_wavering_image2_raw.png,1,0.477,视觉近似候选；可能是合法原稿/规格派生，不能据此删除
legacy_vue/public/assets/images/unified_image2_2026-07-31/pv/pv_01_opening_doorway_1920x1080.webp,legacy_vue/public/assets/images/unified_image2_2026-07-31/pv/pv_01_opening_doorway_image2_raw.png,1,0.211,视觉近似候选；可能是合法原稿/规格派生，不能据此删除
legacy_vue/public/assets/images/unified_image2_2026-07-31/pv/pv_02_guarded_listening_1920x1080.webp,legacy_vue/public/assets/images/unified_image2_2026-07-31/pv/pv_02_guarded_listening_image2_raw.png,1,0.283,视觉近似候选；可能是合法原稿/规格派生，不能据此删除
legacy_vue/public/assets/images/unified_image2_2026-07-31/pv/pv_03_turn_back_1920x1080.webp,legacy_vue/public/assets/images/unified_image2_2026-07-31/pv/pv_03_turn_back_image2_raw.png,2,0.258,视觉近似候选；可能是合法原稿/规格派生，不能据此删除
